-- COMPREHENSIVE PRODUCTION-GRADE DATA INSERTION
-- DisasterLink DBMS Project - Phase I & II
-- Realistic dataset for thorough testing of all features
-- Total Records: 280+ (Explicit IDs for Zero-Error Deployment)

USE DisasterLink;

-- SELF-CLEANING LOGIC: Clear all tables before inserting fresh data
SET FOREIGN_KEY_CHECKS = 0;
TRUNCATE TABLE CAMP_LOGS;
TRUNCATE TABLE AID_DISTRIBUTION;
TRUNCATE TABLE CAMP_INVENTORY;
TRUNCATE TABLE AFFECTED_FAMILY;
TRUNCATE TABLE VOLUNTEER;
TRUNCATE TABLE RELIEF_CAMP;
TRUNCATE TABLE ORGANIZATION;
TRUNCATE TABLE DISASTER;
TRUNCATE TABLE RESOURCE;
SET FOREIGN_KEY_CHECKS = 1;

-- ============================================================================
-- 1. INSERT ORGANIZATIONS (12 records)
-- ============================================================================
INSERT INTO ORGANIZATION (org_id, org_name, contact_phone, contact_email) VALUES
(1, 'Global Red Cross', '+1-800-555-0199', 'contact@globalredcross.org'),
(2, 'Doctors Without Borders', '+1-800-555-0288', 'info@dwb.org'),
(3, 'Local Relief Foundation', '+91-9876543210', 'help@localrelief.in'),
(4, 'UNICEF Emergency Response', '+1-212-326-7000', 'emergency@unicef.org'),
(5, 'World Vision International', '+1-206-539-9000', 'operations@worldvision.org'),
(6, 'Action Against Hunger', '+33-1-4334-8800', 'contact@actionagainsthunger.fr'),
(7, 'Save the Children', '+44-20-7012-6400', 'info@savethechildren.org.uk'),
(8, 'Médecins du Monde', '+33-1-4463-9900', 'contact@medecinsdumonde.net'),
(9, 'Indian Red Cross', '+91-11-4141-7777', 'contact@indianredcross.org'),
(10, 'CARE International', '+1-770-953-2800', 'info@care.org'),
(11, 'Oxfam GB', '+44-20-3011-5500', 'operations@oxfamgb.org'),
(12, 'American Red Cross', '+1-202-303-5000', 'info@redcross.org');

-- ============================================================================
-- 2. INSERT DISASTERS (10 records)
-- ============================================================================
INSERT INTO DISASTER (disaster_id, name, type, severity_level, start_date, end_date, status) VALUES
(1, 'Hurricane Arthur', 'Hurricane', 'High', '2023-08-15', '2023-08-20', 'Resolved'),
(2, 'Assam Floods 2024', 'Flood', 'Severe', '2024-06-10', NULL, 'Active'),
(3, 'California Wildfires', 'Wildfire', 'Critical', '2024-07-01', NULL, 'Active'),
(4, 'Bangladesh Cyclone', 'Cyclone', 'Critical', '2024-05-15', NULL, 'Active'),
(5, 'Turkey Earthquake', 'Earthquake', 'Critical', '2024-04-20', '2024-04-30', 'Recovery'),
(6, 'Pakistan Heatwave', 'Heatwave', 'Severe', '2024-06-01', NULL, 'Active'),
(7, 'Indonesia Tsunami', 'Tsunami', 'Critical', '2024-03-10', '2024-03-15', 'Resolved'),
(8, 'Nepal Landslide', 'Landslide', 'High', '2024-08-05', NULL, 'Active'),
(9, 'Syria Drought Crisis', 'Drought', 'Severe', '2024-01-01', NULL, 'Active'),
(10, 'Myanmar Flash Floods', 'Flood', 'High', '2024-07-20', NULL, 'Active');

-- ============================================================================
-- 3. INSERT RELIEF CAMPS (15 records)
-- ============================================================================
INSERT INTO RELIEF_CAMP (camp_id, disaster_id, managing_org_id, name, state, district, latitude, longitude, total_capacity, current_occupancy, status, established_on) VALUES
-- Assam Flood-- Indian Monsoon Camps (3)
(1, 1, 10, 'Guwahati Central Camp', 'Assam', 'Guwahati', 26.1158, 91.7086, 100000, 1200, 'Operational', '2024-06-15'),
(2, 1, 3, 'Silchar Emergency Hub', 'Assam', 'Silchar', 24.8333, 92.7789, 100000, 850, 'Operational', '2024-06-16'),
(3, 2, 9, 'Barpeta Relief Center', 'Assam', 'Barpeta', 26.3168, 90.9868, 100000, 620, 'Operational', '2024-06-18'),

-- California Wildfires Camps (3)
(4, 3, 1, 'LA County Evac Center', 'California', 'Los Angeles', 34.0522, -118.2437, 100000, 1500, 'Operational', '2024-07-02'),
(5, 3, 5, 'San Francisco Relief Hub', 'California', 'San Francisco', 37.7749, -122.4194, 100000, 900, 'Operational', '2024-07-05'),
(6, 3, 12, 'Santa Barbara Emergency Camp', 'California', 'Santa Barbara', 34.4208, -119.6982, 100000, 650, 'Operational', '2024-07-08'),

-- Bangladesh Cyclone Camps (3)
(7, 4, 2, 'Dhaka Cyclone Center', 'Dhaka', 'Dhaka', 23.8103, 90.4036, 100000, 2100, 'Operational', '2024-05-20'),
(8, 4, 10, 'Chittagong Relief Hub', 'Chittagong', 'Chittagong', 22.3569, 91.7832, 100000, 1600, 'Operational', '2024-05-22'),
(9, 4, 4, 'Barisal Emergency Shelter', 'Barisal', 'Barisal', 22.7010, 90.3536, 100000, 1200, 'Operational', '2024-05-25'),

-- Turkey Earthquake Camps (3)
(10, 5, 2, 'Istanbul Recovery Center', 'Istanbul', 'Istanbul', 41.0082, 28.9772, 100000, 2200, 'Operational', '2024-04-22'),
(11, 5, 11, 'Ankara Shelter Complex', 'Ankara', 'Ankara', 39.9334, 32.8597, 100000, 1800, 'Operational', '2024-04-25'),
(12, 5, 7, 'Izmir Relief Tent City', 'Izmir', 'Izmir', 38.4161, 27.1288, 100000, 1300, 'Operational', '2024-04-28'),

-- Syria Drought Camps (2)
(13, 9, 2, 'Damascus Food Center', 'Damascus', 'Damascus', 33.5138, 36.2765, 100000, 4200, 'Operational', '2024-01-10'),
(14, 9, 8, 'Aleppo Relief Point', 'Aleppo', 'Aleppo', 36.2021, 37.1343, 100000, 3100, 'Operational', '2024-01-15'),

-- Nepal Landslide (1)
(15, 8, 3, 'Kathmandu Evac Shelter', 'Kathmandu', 'Kathmandu', 27.7172, 85.3240, 100000, 800, 'Operational', '2024-08-10');

-- ============================================================================
-- 4. INSERT VOLUNTEERS (32 records)
-- ============================================================================
INSERT INTO VOLUNTEER (volunteer_id, full_name, phone, email, org_id, specialization, skill_set, availability_status, deployed_camp_id) VALUES
-- Medical Team
(1, 'John Doe', '+1-555-1234', 'john.doe@email.com', 1, 'Medical Aid', 'First Aid, CPR, Emergency Care', 'Deployed', 3),
(2, 'Dr. Sarah Chen', '+1-555-2345', 'sarah.chen@email.com', 2, 'Medical Aid', 'Surgery, Trauma, ICU', 'Deployed', 6),
(3, 'Nurse Maria Rodriguez', '+34-555-3456', 'maria.r@email.com', 8, 'Medical Aid', 'Nursing, Wound Care', 'Deployed', 10),
(4, 'Dr. Rajesh Patel', '+91-8877665544', 'rajesh.p@email.com', 3, 'Medical Aid', 'General Medicine, Pediatrics', 'Deployed', 1),
(5, 'Dr. Aisha Khan', '+88-555-4567', 'aisha.khan@email.com', 4, 'Medical Aid', 'Obstetrics, Maternal Care', 'Deployed', 7),

-- Logistics Team
(6, 'Amit Sharma', '+91-9988776655', 'amit.s@email.com', 3, 'Logistics', 'Inventory Management, Supply Chain', 'Deployed', 1),
(7, 'James Wilson', '+1-555-5678', 'james.w@email.com', 5, 'Logistics', 'Warehouse Management, Distribution', 'Deployed', 4),
(8, 'Chen Wei', '+86-555-6789', 'chen.wei@email.com', 10, 'Logistics', 'Procurement, Transport Coordination', 'Deployed', 8),
(9, 'Fatima Al-Rashid', '+971-555-7890', 'fatima.ar@email.com', 6, 'Logistics', 'Resource Planning, Tracking', 'Deployed', 9),
(10, 'Priya Kapoor', '+91-7766554433', 'priya.k@email.com', 9, 'Logistics', 'Food Distribution, Kitchen Management', 'Deployed', 2),

-- Childcare & Education Team
(11, 'Priya Patel', '+91-8877665544', 'priya.p@email.com', 2, 'Childcare', 'Pediatric Care, Counseling', 'Deployed', 2),
(12, 'Emily Thompson', '+44-555-8901', 'emily.t@email.com', 7, 'Childcare', 'Child Protection, Education', 'Deployed', 10),
(13, 'Sana Malik', '+92-555-9012', 'sana.malik@email.com', 11, 'Childcare', 'Early Childhood Development, Play Therapy', 'Deployed', 9),
(14, 'Lisa Johnson', '+1-555-0123', 'lisa.j@email.com', 12, 'Childcare', 'Psychosocial Support, Education', 'Deployed', 6),
(15, 'Mohammed Hassan', '+213-555-1234', 'mohammed.h@email.com', 4, 'Childcare', 'Youth Mentoring, Recreation Programs', 'Deployed', 8),

-- Rescue & Search Operations
(16, 'Sarah Connor', '+1-555-9876', 's.connor@email.com', 1, 'Rescue Ops', 'Search & Rescue, Swimming', 'Available', NULL),
(17, 'Antonio Garcia', '+34-555-2345', 'antonio.g@email.com', 8, 'Rescue Ops', 'Structural Assessment, Heavy Lifting', 'Deployed', 10),
(18, 'Yuki Tanaka', '+81-555-3456', 'yuki.t@email.com', 5, 'Rescue Ops', 'Urban Search & Rescue, Dog Handler', 'Deployed', 4),
(19, 'Kofi Mensah', '+233-555-4567', 'kofi.m@email.com', 7, 'Rescue Ops', 'Tactical Rescue, Rope Work', 'Available', NULL),
(20, 'Igor Petrov', '+7-555-5678', 'igor.p@email.com', 10, 'Rescue Ops', 'Water Rescue, Diving', 'Deployed', 7),

-- Water & Sanitation
(21, 'Elena Rossi', '+39-555-6789', 'elena.r@email.com', 6, 'Water & Sanitation', 'Water Purification, Hygiene Education', 'Deployed', 9),
(22, 'David Okonkwo', '+234-555-7890', 'david.o@email.com', 10, 'Water & Sanitation', 'Latrine Construction, Hygiene Monitoring', 'Deployed', 8),
(23, 'Amira Al-Zahra', '+966-555-8901', 'amira.az@email.com', 4, 'Water & Sanitation', 'Waste Management, Sanitation Systems', 'Deployed', 7),
(24, 'Rosa Martinez', '+52-555-9012', 'rosa.m@email.com', 11, 'Water & Sanitation', 'Cholera Prevention, Disease Control', 'Available', NULL),

-- Coordination & Administration
(25, 'Michael Brown', '+1-555-0234', 'michael.b@email.com', 1, 'Coordination', 'Camp Management, Administrative', 'Deployed', 3),
(26, 'Hana Sato', '+81-555-1345', 'hana.s@email.com', 5, 'Coordination', 'Community Liaison, Translation', 'Deployed', 5),
(27, 'Amrit Singh', '+91-6655443322', 'amrit.s@email.com', 9, 'Coordination', 'Documentation, Record Keeping', 'Deployed', 1),
(28, 'Fatou Diallo', '+221-555-2456', 'fatou.d@email.com', 7, 'Coordination', 'Gender Issues, Protection', 'Available', NULL),
(29, 'Carlos Mendez', '+55-555-3567', 'carlos.m@email.com', 6, 'Coordination', 'Food Security, Nutrition Monitoring', 'Deployed', 9),

-- Security & Protection
(30, 'Dmitri Volkov', '+7-555-4678', 'dmitri.v@email.com', 2, 'Security', 'Camp Security, Staff Safety', 'Deployed', 6),
(31, 'Noor Al-Hashmi', '+971-555-5789', 'noor.ah@email.com', 4, 'Security', 'Protection Monitoring, Incident Response', 'Available', NULL),
(32, 'Obinna Obi', '+234-555-6890', 'obinna.o@email.com', 10, 'Security', 'Peacekeeping, Conflict Resolution', 'Deployed', 8);

-- ============================================================================
-- 5. INSERT AFFECTED FAMILIES (54 records)
-- ============================================================================
INSERT INTO AFFECTED_FAMILY (family_id, camp_id, head_of_family_name, total_members, members_with_disability, has_children_under_5, has_elderly, contact_phone, registration_date, verification_status) VALUES
-- Guwahati Camp (Families 1-12)
(1, 1, 'Rajesh Kumar', 4, 0, TRUE, FALSE, '+91-4455667788', '2024-06-13', 'Verified'),
(2, 1, 'Suresh Babu', 2, 1, FALSE, TRUE, '+91-3344556677', '2024-06-14', 'Verified'),
(3, 1, 'Deepa Sharma', 5, 0, TRUE, TRUE, '+91-2233445566', '2024-06-14', 'Verified'),
(4, 1, 'Ravi Menon', 3, 0, FALSE, FALSE, '+91-1122334455', '2024-06-15', 'Verified'),
(5, 1, 'Priya Nair', 6, 1, TRUE, FALSE, '+91-5544332211', '2024-06-15', 'Pending'),
(6, 1, 'Vikram Singh', 4, 0, FALSE, TRUE, '+91-6655443322', '2024-06-16', 'Verified'),
(7, 1, 'Neha Desai', 3, 2, TRUE, FALSE, '+91-7766554433', '2024-06-16', 'Pending'),
(8, 1, 'Arjun Rao', 5, 0, TRUE, TRUE, '+91-8877665544', '2024-06-17', 'Verified'),
(9, 1, 'Anjali Roy', 2, 0, FALSE, TRUE, '+91-9988776655', '2024-06-17', 'Verified'),
(10, 1, 'Sunil Gupta', 7, 1, TRUE, FALSE, '+91-1111111111', '2024-06-18', 'Pending'),
(11, 1, 'Kavya Iyer', 4, 0, TRUE, FALSE, '+91-2222222222', '2024-06-18', 'Verified'),
(12, 1, 'Mohan Reddy', 3, 0, FALSE, TRUE, '+91-3333333333', '2024-06-19', 'Verified'),

-- Silchar Camp (Families 13-22)
(13, 2, 'Abdul Rahman', 6, 0, TRUE, TRUE, '+91-2233445566', '2024-06-16', 'Pending'),
(14, 2, 'Fatima Khan', 4, 1, FALSE, FALSE, '+91-4455667788', '2024-06-17', 'Verified'),
(15, 2, 'Hassan Ali', 5, 0, TRUE, FALSE, '+91-5566778899', '2024-06-17', 'Verified'),
(16, 2, 'Aisha Begum', 3, 0, FALSE, TRUE, '+91-6677889900', '2024-06-18', 'Verified'),
(17, 2, 'Ibrahim Siddiqui', 7, 2, TRUE, TRUE, '+91-7788990011', '2024-06-18', 'Pending'),
(18, 2, 'Zainab Hassan', 4, 0, TRUE, FALSE, '+91-8899001122', '2024-06-19', 'Verified'),
(19, 2, 'Mohammed Ahmed', 2, 0, FALSE, TRUE, '+91-9900112233', '2024-06-19', 'Verified'),
(20, 2, 'Layla Omar', 5, 1, FALSE, FALSE, '+91-1010101010', '2024-06-20', 'Pending'),
(21, 2, 'Samir Hassan', 3, 0, TRUE, FALSE, '+91-2020202020', '2024-06-20', 'Verified'),
(22, 2, 'Hana Yousuf', 4, 0, FALSE, TRUE, '+91-3030303030', '2024-06-21', 'Verified'),

-- Barpeta Camp (Families 23-30)
(23, 3, 'Bipul Roy', 4, 0, TRUE, FALSE, '+91-4040404040', '2024-06-20', 'Verified'),
(24, 3, 'Shanti Das', 3, 1, FALSE, TRUE, '+91-5050505050', '2024-06-20', 'Verified'),
(25, 3, 'Gopal Nath', 5, 0, TRUE, TRUE, '+91-6060606060', '2024-06-21', 'Pending'),
(26, 3, 'Sudha Banerjee', 2, 0, FALSE, FALSE, '+91-7070707070', '2024-06-21', 'Verified'),
(27, 3, 'Ashok Dey', 6, 1, TRUE, FALSE, '+91-8080808080', '2024-06-22', 'Verified'),
(28, 3, 'Malati Pal', 3, 0, TRUE, TRUE, '+91-9090909090', '2024-06-22', 'Verified'),
(29, 3, 'Ramesh Bora', 4, 0, FALSE, TRUE, '+91-1011101110', '2024-06-23', 'Pending'),
(30, 3, 'Gita Choudhury', 5, 2, TRUE, FALSE, '+91-1111011110', '2024-06-23', 'Verified'),

-- LA County Camp (Families 31-40)
(31, 4, 'Michael Johnson', 3, 0, FALSE, FALSE, '+1-555-4321', '2024-07-03', 'Verified'),
(32, 4, 'Maria Garcia', 5, 1, TRUE, FALSE, '+1-555-5432', '2024-07-04', 'Verified'),
(33, 4, 'James Smith', 2, 0, FALSE, TRUE, '+1-555-6543', '2024-07-04', 'Pending'),
(34, 4, 'Lisa Chen', 4, 0, TRUE, TRUE, '+1-555-7654', '2024-07-05', 'Verified'),
(35, 4, 'David Martinez', 6, 1, TRUE, FALSE, '+1-555-8765', '2024-07-05', 'Verified'),
(36, 4, 'Sarah Williams', 3, 0, FALSE, FALSE, '+1-555-9876', '2024-07-06', 'Verified'),
(37, 4, 'Robert Brown', 4, 0, TRUE, FALSE, '+1-555-0987', '2024-07-06', 'Pending'),
(38, 4, 'Jennifer Lopez', 5, 0, FALSE, TRUE, '+1-555-1098', '2024-07-07', 'Verified'),
(39, 4, 'Thomas Anderson', 2, 2, TRUE, TRUE, '+1-555-2109', '2024-07-07', 'Verified'),
(40, 4, 'Patricia Taylor', 3, 0, FALSE, FALSE, '+1-555-3210', '2024-07-08', 'Verified'),

-- San Francisco Camp (Families 41-48)
(41, 5, 'Kevin O''Brien', 4, 0, TRUE, FALSE, '+1-555-4321', '2024-07-07', 'Verified'),
(42, 5, 'Michelle Davis', 5, 1, FALSE, TRUE, '+1-555-5432', '2024-07-08', 'Verified'),
(43, 5, 'Christopher Lee', 3, 0, TRUE, TRUE, '+1-555-6543', '2024-07-08', 'Pending'),
(44, 5, 'Amanda White', 6, 0, TRUE, FALSE, '+1-555-7654', '2024-07-09', 'Verified'),
(45, 5, 'Daniel Harris', 2, 1, FALSE, FALSE, '+1-555-8765', '2024-07-09', 'Verified'),
(46, 5, 'Nicole Martin', 4, 0, FALSE, TRUE, '+1-555-9876', '2024-07-10', 'Verified'),
(47, 5, 'Joshua Clark', 3, 0, TRUE, FALSE, '+1-555-0987', '2024-07-10', 'Pending'),
(48, 5, 'Ashley Robinson', 5, 2, FALSE, TRUE, '+1-555-1098', '2024-07-11', 'Verified'),

-- Santa Barbara Camp (Families 49-54)
(49, 6, 'Brandon Lewis', 3, 0, FALSE, FALSE, '+1-555-2109', '2024-07-09', 'Verified'),
(50, 6, 'Victoria Walker', 4, 0, TRUE, TRUE, '+1-555-3210', '2024-07-10', 'Verified'),
(51, 6, 'Ryan Hall', 5, 1, TRUE, FALSE, '+1-555-4321', '2024-07-10', 'Pending'),
(52, 6, 'Sophie Young', 2, 0, FALSE, TRUE, '+1-555-5432', '2024-07-11', 'Verified'),
(53, 6, 'Jacob Hernandez', 6, 0, TRUE, TRUE, '+1-555-6543', '2024-07-11', 'Verified'),
(54, 6, 'Emma Green', 3, 2, FALSE, FALSE, '+1-555-7654', '2024-07-12', 'Verified');

-- ============================================================================
-- 6. INSERT RESOURCES (12 records)
-- ============================================================================
INSERT INTO RESOURCE (resource_id, name, category, unit_of_measure, description) VALUES
(1, 'Drinking Water', 'Food & Water', 'Liters', 'Bottled mineral water for safe consumption'),
(2, 'Rice', 'Food & Water', 'Kg', 'Standard grain rice packets'),
(3, 'Wheat Flour', 'Food & Water', 'Kg', 'Fortified wheat flour for bread making'),
(4, 'Cooking Oil', 'Food & Water', 'Liters', 'Vegetable oil for food preparation'),
(5, 'Paracetamol', 'Medicine', 'Strips', 'Standard fever and pain relief medication'),
(6, 'Antibiotics', 'Medicine', 'Tablets', 'Amoxicillin for bacterial infections'),
(7, 'Anti-Diarrhea Medication', 'Medicine', 'Strips', 'Loperamide for diarrheal disease control'),
(8, 'Malaria Treatment', 'Medicine', 'Courses', 'Artemisinin-based combination therapy'),
(9, 'Woolen Blankets', 'Shelter', 'Pieces', 'Thermal blankets for cold weather protection'),
(10, 'Plastic Tarps', 'Shelter', 'Pieces', 'Weather-resistant shelter material'),
(11, 'First Aid Kits', 'Medical Supplies', 'Units', 'Complete first aid kit with bandages and antiseptic'),
(12, 'Hygiene Kits', 'Hygiene', 'Kits', 'Soap, toothbrush, toothpaste, sanitary pads');

-- ============================================================================
-- 7. INSERT CAMP INVENTORY (48 records)
-- ============================================================================
INSERT INTO CAMP_INVENTORY (inventory_id, camp_id, resource_id, quantity_available, minimum_threshold) VALUES
-- Guwahati Camp (1, Resources 1-12)
(1, 1, 1, 12000.00, 2000.00),
(2, 1, 2, 4250.00, 500.00),
(3, 1, 3, 2125.00, 300.00),
(4, 1, 4, 1700.00, 300.00),
(5, 1, 5, 500.00, 100.00),
(6, 1, 6, 250.00, 50.00),
(7, 1, 7, 200.00, 50.00),
(8, 1, 8, 100.00, 20.00),
(9, 1, 9, 1000.00, 200.00),
(10, 1, 10, 850.00, 150.00),
(11, 1, 11, 200.00, 50.00),
(12, 1, 12, 300.00, 100.00),

-- Silchar Camp (2, Resources 1-12)
(13, 2, 1, 800.00, 2000.00),
(14, 2, 2, 1200.00, 500.00),
(15, 2, 3, 600.00, 300.00),
(16, 2, 4, 400.00, 200.00),
(17, 2, 5, 200.00, 100.00),
(18, 2, 6, 100.00, 50.00),
(19, 2, 7, 80.00, 40.00),
(20, 2, 8, 50.00, 20.00),
(21, 2, 9, 600.00, 200.00),
(22, 2, 10, 480.00, 150.00),
(23, 2, 11, 100.00, 50.00),
(24, 2, 12, 150.00, 100.00),

-- Barpeta Camp (3, Resources 1-12)
(25, 3, 1, 9300.00, 1500.00),
(26, 3, 2, 3100.00, 400.00),
(27, 3, 3, 1550.00, 250.00),
(28, 3, 4, 1240.00, 250.00),
(29, 3, 5, 350.00, 75.00),
(30, 3, 6, 150.00, 40.00),
(31, 3, 7, 120.00, 40.00),
(32, 3, 8, 75.00, 15.00),
(33, 3, 9, 750.00, 150.00),
(34, 3, 10, 620.00, 120.00),
(35, 3, 11, 150.00, 40.00),
(36, 3, 12, 200.00, 80.00),

-- LA County Camp (4, Resources 1-12)
(37, 4, 1, 24000.00, 4000.00),
(38, 4, 2, 7500.00, 1000.00),
(39, 4, 3, 3750.00, 600.00),
(40, 4, 4, 3000.00, 600.00),
(41, 4, 5, 1000.00, 200.00),
(42, 4, 6, 500.00, 100.00),
(43, 4, 7, 400.00, 100.00),
(44, 4, 8, 200.00, 50.00),
(45, 4, 9, 2000.00, 400.00),
(46, 4, 10, 1500.00, 300.00),
(47, 4, 11, 400.00, 100.00),
(48, 4, 12, 600.00, 200.00);

-- ============================================================================
-- 8. INSERT AID DISTRIBUTION (70 records)
-- ============================================================================
INSERT INTO AID_DISTRIBUTION (distribution_id, family_id, resource_id, volunteer_id, quantity_given, distribution_date, notes) VALUES
-- June 15
(1, 1, 1, 6, 20.00, '2024-06-15 10:30:00', 'Weekly water ration'),
(2, 1, 2, 6, 10.00, '2024-06-15 10:35:00', 'Weekly rice ration'),
(3, 2, 3, 11, 2.00, '2024-06-15 11:00:00', 'Medication for elderly member'),
(4, 3, 1, 6, 30.00, '2024-06-15 11:30:00', 'Large family water allocation'),
(5, 4, 12, 1, 5.00, '2024-06-15 14:00:00', 'Hygiene kits distribution'),
(6, 5, 2, 6, 15.00, '2024-06-15 14:30:00', 'Food ration for family with children'),

-- June 16
(7, 6, 1, 6, 20.00, '2024-06-16 09:00:00', 'Daily water distribution'),
(8, 7, 9, 23, 2.00, '2024-06-16 10:00:00', 'Blankets for family with disabilities'),
(9, 8, 5, 4, 10.00, '2024-06-16 11:00:00', 'Pain relief mutation'),
(10, 9, 12, 11, 3.00, '2024-06-16 12:00:00', 'Hygiene kit distribution'),
(11, 10, 2, 6, 25.00, '2024-06-16 13:00:00', 'Large family food allocation'),

-- June 17
(12, 11, 1, 6, 18.00, '2024-06-17 10:00:00', 'Water for family with children'),
(13, 12, 3, 1, 8.00, '2024-06-17 11:00:00', 'Flour for dietary needs'),
(14, 13, 5, 4, 5.00, '2024-06-17 12:00:00', 'Medical supplies'),
(15, 14, 12, 11, 2.00, '2024-06-17 14:00:00', 'Hygiene distribution'),
(16, 15, 2, 6, 12.00, '2024-06-17 15:00:00', 'Food ration'),

-- June 18
(17, 16, 1, 6, 22.00, '2024-06-18 09:30:00', 'Water distribution'),
(18, 17, 9, 23, 3.00, '2024-06-18 10:30:00', 'Additional blankets'),
(19, 18, 6, 4, 8.00, '2024-06-18 11:30:00', 'Antibiotics allocation'),
(20, 19, 12, 11, 4.00, '2024-06-18 13:00:00', 'Hygiene kits'),
(21, 20, 2, 6, 14.00, '2024-06-18 14:00:00', 'Food distribution'),

-- June 19
(22, 21, 1, 6, 20.00, '2024-06-19 10:00:00', 'Water ration'),
(23, 22, 3, 1, 6.00, '2024-06-19 11:00:00', 'Flour distribution'),
(24, 23, 7, 4, 4.00, '2024-06-19 12:00:00', 'Anti-diarrhea medication'),
(25, 24, 11, 18, 2.00, '2024-06-19 14:00:00', 'First aid kits'),
(26, 25, 2, 6, 16.00, '2024-06-19 15:00:00', 'Food allocation'),

-- June 20
(27, 26, 1, 6, 24.00, '2024-06-20 09:00:00', 'Water for larger family'),
(28, 27, 9, 23, 2.00, '2024-06-20 10:00:00', 'Blanket distribution'),
(29, 28, 5, 4, 6.00, '2024-06-20 11:00:00', 'Pain relief mutation'),
(30, 29, 12, 11, 3.00, '2024-06-20 13:00:00', 'Hygiene products'),
(31, 30, 2, 6, 18.00, '2024-06-20 14:00:00', 'Weekly food ration'),

-- June 21
(32, 31, 1, 6, 18.00, '2024-06-21 10:00:00', 'Water ration'),
(33, 32, 3, 1, 7.00, '2024-06-21 11:00:00', 'Flour for cooking'),
(34, 33, 8, 4, 2.00, '2024-06-21 12:00:00', 'Malaria treatment'),
(35, 34, 12, 11, 2.00, '2024-06-21 14:00:00', 'Hygiene distribution'),
(36, 35, 2, 6, 13.00, '2024-06-21 15:00:00', 'Food distribution'),

-- Week 2: Continued distributions
(37, 36, 1, 6, 20.00, '2024-06-22 10:00:00', 'Daily water'),
(38, 37, 9, 23, 2.00, '2024-06-22 11:00:00', 'Blankets'),
(39, 38, 5, 4, 8.00, '2024-06-22 12:00:00', 'Medication'),
(40, 39, 12, 11, 3.00, '2024-06-22 14:00:00', 'Hygiene'),
(41, 40, 2, 6, 15.00, '2024-06-22 15:00:00', 'Food'),
(42, 41, 1, 6, 22.00, '2024-06-23 10:00:00', 'Water'),
(43, 42, 3, 1, 8.00, '2024-06-23 11:00:00', 'Flour'),
(44, 43, 7, 4, 5.00, '2024-06-23 12:00:00', 'Anti-diarrhea'),
(45, 44, 11, 18, 1.00, '2024-06-23 14:00:00', 'First aid'),
(46, 45, 2, 6, 17.00, '2024-06-23 15:00:00', 'Food'),
(47, 46, 1, 6, 19.00, '2024-06-24 10:00:00', 'Water'),
(48, 47, 9, 23, 3.00, '2024-06-24 11:00:00', 'Blankets'),
(49, 48, 6, 4, 6.00, '2024-06-24 12:00:00', 'Antibiotics'),
(50, 49, 12, 11, 4.00, '2024-06-24 14:00:00', 'Hygiene'),
(51, 50, 2, 6, 14.00, '2024-06-24 15:00:00', 'Food'),
(52, 51, 1, 6, 21.00, '2024-06-25 10:00:00', 'Water'),
(53, 52, 3, 1, 9.00, '2024-06-25 11:00:00', 'Flour'),
(54, 53, 8, 4, 3.00, '2024-06-25 12:00:00', 'Malaria treatment'),
(55, 54, 12, 11, 2.00, '2024-06-25 14:00:00', 'Hygiene distribution'),
(56, 1, 1, 6, 20.00, '2024-06-26 10:00:00', 'Water ration'),
(57, 2, 3, 11, 2.00, '2024-06-26 11:00:00', 'Medication'),
(58, 3, 1, 6, 18.00, '2024-06-26 12:00:00', 'Water allocation'),
(59, 4, 12, 1, 3.00, '2024-06-26 13:00:00', 'Hygiene kits'),
(60, 5, 2, 6, 15.00, '2024-06-26 14:00:00', 'Food distribution'),

-- July: LA County Camp distributions
(61, 31, 1, 7, 30.00, '2024-07-03 14:00:00', 'Blankets allocated on arrival'),
(62, 32, 1, 7, 25.00, '2024-07-04 10:00:00', 'Water allocation'),
(63, 33, 2, 7, 15.00, '2024-07-04 11:00:00', 'Food distribution'),
(64, 34, 12, 2, 5.00, '2024-07-04 12:00:00', 'Hygiene kits'),
(65, 35, 1, 7, 28.00, '2024-07-05 10:00:00', 'Water ration'),
(66, 36, 9, 17, 4.00, '2024-07-05 11:00:00', 'Blankets for new arrivals'),
(67, 37, 5, 2, 12.00, '2024-07-05 12:00:00', 'Pain relief'),
(68, 38, 2, 7, 18.00, '2024-07-06 10:00:00', 'Food allocation'),
(69, 39, 3, 9, 10.00, '2024-07-06 11:00:00', 'Flour distribution'),
(70, 40, 12, 11, 6.00, '2024-07-06 12:00:00', 'Hygiene distribution');

-- ============================================================================
-- 9. INSERT CAMP LOGS (30 records)
-- ============================================================================
INSERT INTO CAMP_LOGS (log_id, camp_id, event_type, description, log_timestamp) VALUES
(1, 1, 'Created', 'Guwahati Central Camp established for Assam Floods relief', '2024-06-12 08:00:00'),
(2, 1, 'Occupancy_Update', 'First batch of 150 families arrived', '2024-06-13 10:00:00'),
(3, 1, 'Supply_Arrival', 'Water and rice supplies delivered', '2024-06-13 14:00:00'),
(4, 1, 'Medical_Team_Deployed', 'Medical team deployed to manage health emergencies', '2024-06-14 09:00:00'),
(5, 1, 'Occupancy_Update', 'Occupancy reached 500 people', '2024-06-15 16:00:00'),
(6, 1, 'Volunteer_Deployment', 'Additional volunteers deployed for logistics', '2024-06-16 10:00:00'),
(7, 1, 'Occupancy_Peak', 'Camp reached 85% occupancy (850 people)', '2024-06-18 15:00:00'),
(8, 1, 'Supply_Alert', 'Water supplies running at adequate levels', '2024-06-20 09:00:00'),
(9, 1, 'Health_Screening', 'Routine health screening completed', '2024-06-22 10:00:00'),
(10, 1, 'Coordination_Meeting', 'Inter-agency coordination meeting held', '2024-06-24 14:00:00'),

(11, 2, 'Created', 'Silchar Emergency Shelter established', '2024-06-15 07:00:00'),
(12, 2, 'Occupancy_Update', 'Initial intake of 100 families', '2024-06-16 11:00:00'),
(13, 2, 'Supply_Alert', 'CRITICAL: Water supplies running low', '2024-06-18 16:00:00'),
(14, 2, 'Supply_Arrival', 'Emergency water supply replenishment', '2024-06-19 12:00:00'),
(15, 2, 'Occupancy_Update', 'Occupancy at 96% capacity (480 people)', '2024-06-20 09:00:00'),
(16, 2, 'Supply_Alert', 'Hygiene kits inventory low', '2024-06-21 14:00:00'),
(17, 2, 'Volunteer_Change', 'New volunteer team rotation', '2024-06-23 10:00:00'),
(18, 2, 'Status_Report', 'Camp operating at maximum capacity', '2024-06-25 15:00:00'),

(19, 3, 'Created', 'Barpeta Relief Center opened', '2024-06-18 09:00:00'),
(20, 3, 'Occupancy_Update', 'First arrivals registered (150 people)', '2024-06-19 10:00:00'),
(21, 3, 'Supply_Arrival', 'Full supply load delivered', '2024-06-19 15:00:00'),
(22, 3, 'Medical_Setup', 'Medical clinic operational', '2024-06-20 08:00:00'),
(23, 3, 'Occupancy_Update', 'Occupancy at 82% (620 people)', '2024-06-21 16:00:00'),
(24, 3, 'Volunteer_Deployment', 'Childcare team deployed', '2024-06-22 10:00:00'),

(25, 4, 'Created', 'LA County Evac Center established', '2024-07-02 08:00:00'),
(26, 4, 'Mass_Arrival', 'First wave of 500 evacuees arrived', '2024-07-03 14:00:00'),
(27, 4, 'Supply_Arrival', 'Large supply shipment received', '2024-07-03 16:00:00'),
(28, 4, 'Occupancy_Update', 'Occupancy reached 75% (1,500 people)', '2024-07-04 15:00:00'),
(29, 4, 'Status_Report', 'All systems operational', '2024-07-05 10:00:00'),
(30, 4, 'Coordination_Meeting', 'Agency coordination meeting', '2024-07-06 14:00:00');

-- ============================================================================
-- TOTAL RECORDS SUMMARY
-- ============================================================================
-- Organizations: 12
-- Disasters: 10
-- Relief Camps: 15
-- Volunteers: 32
-- Affected Families: 54
-- Resources: 12
-- Camp Inventory: 48
-- Aid Distribution: 70
-- Camp Logs: 30
-- ============================================================================
-- ============================================================================
-- 5. SCALED BULK DATA (Demonstration Volume: 1,500+ Records)
-- ============================================================================

-- 1. SCALED VOLUNTEERS (+68)
INSERT INTO VOLUNTEER (volunteer_id, full_name, phone, email, org_id, specialization, availability_status, deployed_camp_id) VALUES
(33, 'Arjun Taylor', '+91 9205-4934', 'arjun.taylor33@disasterlink.org', 1, 'Logistics', 'Deployed', 15),
(34, 'Suresh Robinson', '+91 9041-6432', 'suresh.robinson34@disasterlink.org', 7, 'Medical Aid', 'Deployed', 9),
(35, 'John Das', '+91 9372-2366', 'john.das35@disasterlink.org', 7, 'Water & Sanitation', 'Deployed', 14),
(36, 'Sita Garcia', '+91 8224-5843', 'sita.garcia36@disasterlink.org', 8, 'Security', 'Deployed', 13),
(37, 'Sita Iyer', '+91 9976-1348', 'sita.iyer37@disasterlink.org', 10, 'Coordination', 'Deployed', 8),
(38, 'William Das', '+91 9879-7103', 'william.das38@disasterlink.org', 10, 'Water & Sanitation', 'Deployed', 9),
(39, 'Deepak Das', '+91 7860-3616', 'deepak.das39@disasterlink.org', 10, 'Coordination', 'Deployed', 9),
(40, 'Arjun Das', '+91 8271-8487', 'arjun.das40@disasterlink.org', 9, 'Admin', 'Deployed', 10),
(41, 'John Jackson', '+91 7756-9083', 'john.jackson41@disasterlink.org', 1, 'Logistics', 'Deployed', 11),
(42, 'Robert Hall', '+91 9889-6052', 'robert.hall42@disasterlink.org', 6, 'Rescue Ops', 'Deployed', 4),
(43, 'Raj Brown', '+91 8166-6964', 'raj.brown43@disasterlink.org', 7, 'Coordination', 'Deployed', 7),
(44, 'David Lewis', '+91 8584-1294', 'david.lewis44@disasterlink.org', 3, 'Medical Aid', 'Deployed', 14),
(45, 'Michael Taylor', '+91 7625-8802', 'michael.taylor45@disasterlink.org', 2, 'Childcare', 'Deployed', 3),
(46, 'Kiran Lewis', '+91 9064-6854', 'kiran.lewis46@disasterlink.org', 11, 'Rescue Ops', 'Deployed', 2),
(47, 'Charles Harris', '+91 8248-7277', 'charles.harris47@disasterlink.org', 7, 'Rescue Ops', 'Deployed', 5),
(48, 'Rahul Wilson', '+91 7724-4750', 'rahul.wilson48@disasterlink.org', 8, 'Logistics', 'Deployed', 3),
(49, 'Michael Garcia', '+91 7881-2976', 'michael.garcia49@disasterlink.org', 10, 'Logistics', 'Deployed', 13),
(50, 'William White', '+91 9316-7916', 'william.white50@disasterlink.org', 3, 'Rescue Ops', 'Deployed', 14),
(51, 'Robert Thomas', '+91 7488-9607', 'robert.thomas51@disasterlink.org', 5, 'Medical Aid', 'Deployed', 15),
(52, 'Priya Sharma', '+91 8891-7981', 'priya.sharma52@disasterlink.org', 11, 'Admin', 'Deployed', 15),
(53, 'Amit Garcia', '+91 9668-8292', 'amit.garcia53@disasterlink.org', 12, 'Rescue Ops', 'Deployed', 2),
(54, 'Sita Gupta', '+91 8389-5642', 'sita.gupta54@disasterlink.org', 5, 'Logistics', 'Deployed', 5),
(55, 'Rahul Robinson', '+91 9268-5523', 'rahul.robinson55@disasterlink.org', 12, 'Coordination', 'Deployed', 3),
(56, 'Robert Robinson', '+91 9887-1450', 'robert.robinson56@disasterlink.org', 12, 'Logistics', 'Deployed', 3),
(57, 'Priya Thomas', '+91 8802-4141', 'priya.thomas57@disasterlink.org', 3, 'Rescue Ops', 'Deployed', 5),
(58, 'Priya Jackson', '+91 8761-1364', 'priya.jackson58@disasterlink.org', 12, 'Logistics', 'Deployed', 3),
(59, 'David Martin', '+91 8968-1427', 'david.martin59@disasterlink.org', 11, 'Logistics', 'Deployed', 3),
(60, 'Rahul Young', '+91 9711-2953', 'rahul.young60@disasterlink.org', 1, 'Rescue Ops', 'Deployed', 6),
(61, 'William Wilson', '+91 8088-2928', 'william.wilson61@disasterlink.org', 7, 'Medical Aid', 'Deployed', 3),
(62, 'Amit Garcia', '+91 9703-4440', 'amit.garcia62@disasterlink.org', 5, 'Coordination', 'Deployed', 7),
(63, 'Ananya Walker', '+91 9381-6093', 'ananya.walker63@disasterlink.org', 1, 'Childcare', 'Deployed', 9),
(64, 'Deepak Reddy', '+91 9070-5195', 'deepak.reddy64@disasterlink.org', 8, 'Water & Sanitation', 'Deployed', 11),
(65, 'Amit Gupta', '+91 7035-4644', 'amit.gupta65@disasterlink.org', 10, 'Logistics', 'Deployed', 8),
(66, 'Michael Harris', '+91 7018-5646', 'michael.harris66@disasterlink.org', 2, 'Logistics', 'Deployed', 14),
(67, 'Kiran White', '+91 8839-6896', 'kiran.white67@disasterlink.org', 5, 'Security', 'Deployed', 14),
(68, 'William Sharma', '+91 7081-1373', 'william.sharma68@disasterlink.org', 9, 'Water & Sanitation', 'Deployed', 3),
(69, 'Neha Gupta', '+91 9226-6881', 'neha.gupta69@disasterlink.org', 11, 'Water & Sanitation', 'Deployed', 6),
(70, 'John Young', '+91 9655-3890', 'john.young70@disasterlink.org', 7, 'Water & Sanitation', 'Deployed', 5),
(71, 'Deepak Lewis', '+91 7378-8690', 'deepak.lewis71@disasterlink.org', 1, 'Security', 'Deployed', 3),
(72, 'Amit Brown', '+91 7184-3491', 'amit.brown72@disasterlink.org', 1, 'Childcare', 'Deployed', 1),
(73, 'Neha Iyer', '+91 9656-1230', 'neha.iyer73@disasterlink.org', 1, 'Medical Aid', 'Deployed', 11),
(74, 'Ananya Miller', '+91 8732-8884', 'ananya.miller74@disasterlink.org', 1, 'Childcare', 'Deployed', 6),
(75, 'William Lewis', '+91 7554-9994', 'william.lewis75@disasterlink.org', 12, 'Admin', 'Deployed', 1),
(76, 'Sophia Garcia', '+91 9512-6498', 'sophia.garcia76@disasterlink.org', 7, 'Water & Sanitation', 'Deployed', 9),
(77, 'Robert Wilson', '+91 9468-3844', 'robert.wilson77@disasterlink.org', 6, 'Rescue Ops', 'Deployed', 14),
(78, 'Michael Walker', '+91 8047-2208', 'michael.walker78@disasterlink.org', 12, 'Childcare', 'Deployed', 8),
(79, 'Charles Das', '+91 7063-3531', 'charles.das79@disasterlink.org', 7, 'Rescue Ops', 'Deployed', 15),
(80, 'Rahul Thomas', '+91 9570-7339', 'rahul.thomas80@disasterlink.org', 5, 'Security', 'Deployed', 6),
(81, 'Rahul Anderson', '+91 8717-5726', 'rahul.anderson81@disasterlink.org', 9, 'Coordination', 'Deployed', 8),
(82, 'Vikram Young', '+91 8948-5491', 'vikram.young82@disasterlink.org', 2, 'Admin', 'Deployed', 7),
(83, 'William Martin', '+91 9016-9788', 'william.martin83@disasterlink.org', 5, 'Rescue Ops', 'Deployed', 3),
(84, 'Deepak Brown', '+91 9073-1438', 'deepak.brown84@disasterlink.org', 7, 'Water & Sanitation', 'Deployed', 3),
(85, 'William Iyer', '+91 9516-4352', 'william.iyer85@disasterlink.org', 7, 'Childcare', 'Deployed', 9),
(86, 'Suresh Gupta', '+91 7739-7945', 'suresh.gupta86@disasterlink.org', 1, 'Coordination', 'Deployed', 8),
(87, 'Amit Anderson', '+91 7900-7795', 'amit.anderson87@disasterlink.org', 5, 'Coordination', 'Deployed', 3),
(88, 'Kiran White', '+91 7464-1216', 'kiran.white88@disasterlink.org', 9, 'Admin', 'Deployed', 7),
(89, 'Amit Lewis', '+91 8702-6724', 'amit.lewis89@disasterlink.org', 2, 'Rescue Ops', 'Deployed', 6),
(90, 'Sarah Verma', '+91 7673-8250', 'sarah.verma90@disasterlink.org', 7, 'Coordination', 'Deployed', 1),
(91, 'Charlotte Smith', '+91 8373-4652', 'charlotte.smith91@disasterlink.org', 5, 'Childcare', 'Deployed', 8),
(92, 'Robert Gupta', '+91 7727-8834', 'robert.gupta92@disasterlink.org', 7, 'Security', 'Deployed', 1),
(93, 'Michael Reddy', '+91 7419-5499', 'michael.reddy93@disasterlink.org', 12, 'Admin', 'Deployed', 12),
(94, 'Vikram Sinha', '+91 7644-1539', 'vikram.sinha94@disasterlink.org', 1, 'Water & Sanitation', 'Deployed', 13),
(95, 'Neha Miller', '+91 7806-2010', 'neha.miller95@disasterlink.org', 2, 'Childcare', 'Deployed', 13),
(96, 'Robert Hall', '+91 7269-3784', 'robert.hall96@disasterlink.org', 2, 'Coordination', 'Deployed', 3),
(97, 'James Sharma', '+91 9480-1226', 'james.sharma97@disasterlink.org', 10, 'Coordination', 'Deployed', 9),
(98, 'David Brown', '+91 8758-4161', 'david.brown98@disasterlink.org', 6, 'Admin', 'Deployed', 2),
(99, 'Isabella Iyer', '+91 9227-5232', 'isabella.iyer99@disasterlink.org', 10, 'Security', 'Deployed', 8),
(100, 'Olivia Das', '+91 9153-9999', 'olivia.das100@disasterlink.org', 9, 'Rescue Ops', 'Deployed', 7);

-- 2. SCALED AFFECTED FAMILIES (+346)
INSERT INTO AFFECTED_FAMILY (family_id, camp_id, head_of_family_name, total_members, members_with_disability, has_children_under_5, has_elderly, contact_phone, registration_date, verification_status) VALUES
(55, 3, 'Suresh Verma', 4, 0, 0, 0, '+91 9991286', '2025-11-30', 'Verified'),
(56, 2, 'Rahul Anderson', 3, 0, 0, 1, '+91 9928616', '2026-04-12', 'Verified'),
(57, 7, 'James Walker', 2, 0, 0, 1, '+91 9982943', '2026-03-25', 'Verified'),
(58, 2, 'Amit Patel', 5, 0, 0, 0, '+91 9924767', '2025-11-15', 'Verified'),
(59, 14, 'Priya Harris', 3, 0, 0, 0, '+91 9941996', '2026-01-16', 'Verified'),
(60, 1, 'Suresh Thomas', 4, 0, 0, 0, '+91 9935873', '2026-01-09', 'Verified'),
(61, 15, 'Mia Iyer', 7, 0, 0, 0, '+91 9954491', '2026-03-05', 'Verified'),
(62, 11, 'John Harris', 8, 2, 1, 0, '+91 9947366', '2026-01-12', 'Verified'),
(63, 1, 'Sunita Thomas', 3, 0, 0, 0, '+91 9918347', '2026-01-03', 'Verified'),
(64, 4, 'James Hall', 1, 0, 0, 0, '+91 9977280', '2025-10-26', 'Verified'),
(65, 9, 'Emma Reddy', 3, 0, 0, 0, '+91 9985990', '2026-04-06', 'Verified'),
(66, 15, 'David Reddy', 5, 0, 0, 0, '+91 9964416', '2026-04-08', 'Verified'),
(67, 4, 'Arjun Martin', 3, 0, 0, 0, '+91 9960877', '2025-11-22', 'Verified'),
(68, 6, 'Suresh White', 3, 0, 0, 0, '+91 9974781', '2026-03-19', 'Verified'),
(69, 8, 'Emma Jackson', 1, 1, 1, 0, '+91 9949473', '2025-11-26', 'Verified'),
(70, 15, 'Isabella White', 8, 0, 1, 0, '+91 9912371', '2025-11-18', 'Verified'),
(71, 4, 'Raj Nair', 4, 0, 1, 1, '+91 9996955', '2026-04-07', 'Verified'),
(72, 11, 'Isabella White', 7, 0, 0, 0, '+91 9932857', '2025-11-25', 'Verified'),
(73, 4, 'Rahul Johnson', 1, 2, 0, 0, '+91 9957175', '2026-01-31', 'Verified'),
(74, 9, 'Neha Smith', 5, 0, 0, 0, '+91 9917246', '2026-01-17', 'Verified'),
(75, 9, 'Mia Smith', 1, 0, 0, 1, '+91 9994421', '2025-12-01', 'Verified'),
(76, 4, 'Sarah Martinez', 7, 1, 0, 0, '+91 9919764', '2026-03-24', 'Verified'),
(77, 7, 'Sophia Taylor', 3, 0, 0, 0, '+91 9916436', '2026-01-03', 'Verified'),
(78, 7, 'Ananya Johnson', 5, 0, 0, 0, '+91 9967807', '2025-10-19', 'Verified'),
(79, 10, 'Karan Harris', 3, 1, 0, 0, '+91 9967100', '2025-12-27', 'Verified'),
(80, 3, 'Mia White', 5, 0, 0, 0, '+91 9959208', '2025-12-20', 'Verified'),
(81, 12, 'Priya Walker', 4, 0, 1, 1, '+91 9924685', '2025-10-24', 'Verified'),
(82, 4, 'Kiran Reddy', 4, 2, 0, 0, '+91 9991999', '2025-12-14', 'Verified'),
(83, 6, 'Karan Lewis', 3, 0, 0, 0, '+91 9999480', '2025-12-26', 'Verified'),
(84, 14, 'Emma Young', 6, 0, 1, 0, '+91 9918858', '2025-11-18', 'Verified'),
(85, 2, 'Ananya Johnson', 7, 0, 0, 0, '+91 9970189', '2025-12-22', 'Verified'),
(86, 15, 'Raj Jackson', 7, 0, 0, 0, '+91 9953514', '2026-04-06', 'Verified'),
(87, 2, 'Raj Hall', 6, 0, 0, 0, '+91 9955276', '2026-03-16', 'Verified'),
(88, 14, 'Raj Patel', 6, 0, 0, 0, '+91 9932977', '2025-12-11', 'Verified'),
(89, 5, 'Rahul Hall', 5, 2, 0, 0, '+91 9913474', '2026-03-23', 'Verified'),
(90, 6, 'Karan Lewis', 4, 0, 0, 0, '+91 9924467', '2025-12-22', 'Verified'),
(91, 15, 'James Martinez', 4, 0, 0, 0, '+91 9969105', '2026-02-17', 'Verified'),
(92, 7, 'Charles Verma', 4, 1, 0, 0, '+91 9976708', '2025-11-26', 'Verified'),
(93, 2, 'Ananya Lewis', 2, 2, 1, 0, '+91 9912239', '2025-11-24', 'Verified'),
(94, 14, 'Vikram Smith', 3, 1, 0, 0, '+91 9924759', '2025-11-28', 'Verified'),
(95, 1, 'Robert Harris', 3, 0, 0, 0, '+91 9919517', '2026-01-20', 'Verified'),
(96, 14, 'William Smith', 8, 0, 0, 0, '+91 9961594', '2025-11-27', 'Verified'),
(97, 13, 'Emma Hall', 7, 0, 0, 0, '+91 9919966', '2026-02-19', 'Verified'),
(98, 6, 'John Harris', 5, 0, 0, 0, '+91 9985747', '2025-10-26', 'Verified'),
(99, 12, 'Sarah Jackson', 8, 0, 0, 0, '+91 9963905', '2026-01-30', 'Verified'),
(100, 2, 'Deepak Lewis', 4, 2, 0, 1, '+91 9968676', '2025-10-29', 'Verified'),
(101, 14, 'Jyoti Clark', 5, 0, 0, 0, '+91 9980806', '2025-11-29', 'Verified'),
(102, 8, 'William Harris', 2, 1, 0, 0, '+91 9948583', '2025-12-18', 'Verified'),
(103, 9, 'Priya Anderson', 1, 0, 0, 0, '+91 9961844', '2025-12-15', 'Verified'),
(104, 5, 'Olivia Jackson', 5, 0, 1, 0, '+91 9975619', '2026-02-28', 'Verified'),
(105, 8, 'Sarah Wilson', 5, 0, 1, 0, '+91 9911653', '2026-03-09', 'Verified'),
(106, 6, 'Robert Brown', 2, 1, 0, 0, '+91 9931708', '2025-12-27', 'Verified'),
(107, 5, 'Rahul Anderson', 2, 0, 0, 0, '+91 9965625', '2025-10-27', 'Verified'),
(108, 5, 'Raj Garcia', 3, 2, 0, 0, '+91 9932677', '2025-12-04', 'Verified'),
(109, 3, 'James Hall', 3, 0, 1, 0, '+91 9917790', '2025-10-30', 'Verified'),
(110, 11, 'John Reddy', 6, 0, 0, 0, '+91 9982964', '2025-11-26', 'Verified'),
(111, 8, 'Arjun Clark', 4, 0, 0, 0, '+91 9920874', '2026-01-22', 'Verified'),
(112, 10, 'Karan Martin', 2, 0, 0, 0, '+91 9985846', '2025-11-28', 'Verified'),
(113, 4, 'Rahul Young', 5, 2, 0, 1, '+91 9952845', '2026-01-20', 'Verified'),
(114, 1, 'Robert Walker', 3, 0, 0, 0, '+91 9982819', '2026-01-21', 'Verified'),
(115, 12, 'Sunita Walker', 7, 0, 0, 0, '+91 9945105', '2026-01-20', 'Verified'),
(116, 15, 'Vikram White', 6, 1, 0, 0, '+91 9983605', '2026-02-27', 'Verified'),
(117, 13, 'Jyoti Singh', 5, 0, 0, 0, '+91 9987305', '2026-03-15', 'Verified'),
(118, 2, 'Isabella Das', 4, 0, 0, 0, '+91 9968518', '2025-12-11', 'Verified'),
(119, 9, 'Emma Verma', 6, 0, 0, 0, '+91 9961885', '2025-11-18', 'Verified'),
(120, 11, 'Sophia Gupta', 6, 0, 0, 0, '+91 9951109', '2025-11-25', 'Verified'),
(121, 9, 'John Reddy', 1, 0, 0, 0, '+91 9987608', '2025-12-21', 'Verified'),
(122, 11, 'Raj Singh', 3, 0, 1, 1, '+91 9910377', '2026-01-30', 'Verified'),
(123, 14, 'Emma Singh', 4, 0, 0, 0, '+91 9941558', '2026-03-09', 'Verified'),
(124, 14, 'William Das', 6, 0, 1, 1, '+91 9912977', '2026-03-21', 'Verified'),
(125, 2, 'Sarah Jackson', 4, 0, 0, 0, '+91 9946840', '2026-02-16', 'Verified'),
(126, 1, 'Sarah Jackson', 7, 0, 0, 0, '+91 9920846', '2025-11-28', 'Verified'),
(127, 15, 'Vikram Martinez', 3, 2, 0, 0, '+91 9927795', '2025-10-27', 'Verified'),
(128, 1, 'Vikram Jackson', 3, 0, 1, 0, '+91 9912158', '2026-01-28', 'Verified'),
(129, 3, 'Arjun Brown', 5, 0, 0, 0, '+91 9985879', '2026-01-08', 'Verified'),
(130, 9, 'Sita Harris', 7, 1, 0, 0, '+91 9985107', '2026-04-06', 'Verified'),
(131, 8, 'Deepak Harris', 8, 1, 1, 0, '+91 9963662', '2026-03-25', 'Verified'),
(132, 9, 'Robert Taylor', 4, 0, 1, 0, '+91 9951144', '2026-01-06', 'Verified'),
(133, 12, 'Neha Martin', 2, 0, 0, 0, '+91 9945359', '2026-04-13', 'Verified'),
(134, 2, 'Isabella Patel', 4, 0, 0, 0, '+91 9936883', '2025-12-15', 'Verified'),
(135, 4, 'Charlotte Johnson', 5, 0, 1, 0, '+91 9991156', '2025-12-11', 'Verified'),
(136, 2, 'Charles Walker', 3, 0, 1, 1, '+91 9972874', '2025-12-06', 'Verified'),
(137, 11, 'Olivia Brown', 5, 0, 0, 1, '+91 9948151', '2025-12-26', 'Verified'),
(138, 5, 'David Gupta', 4, 1, 0, 0, '+91 9965155', '2026-01-10', 'Verified'),
(139, 13, 'James Anderson', 7, 0, 1, 0, '+91 9919990', '2025-12-13', 'Verified'),
(140, 6, 'Raj Garcia', 2, 0, 0, 0, '+91 9927503', '2026-02-25', 'Verified'),
(141, 14, 'William Clark', 4, 0, 0, 1, '+91 9969241', '2025-12-17', 'Verified'),
(142, 15, 'Sarah Walker', 4, 0, 0, 0, '+91 9943209', '2026-03-25', 'Verified'),
(143, 13, 'Robert Robinson', 3, 0, 0, 1, '+91 9966191', '2025-12-04', 'Verified'),
(144, 15, 'Michael Nair', 7, 0, 1, 0, '+91 9954294', '2026-04-06', 'Verified'),
(145, 11, 'James Iyer', 7, 1, 0, 0, '+91 9944403', '2026-04-02', 'Verified'),
(146, 10, 'Sarah Anderson', 8, 0, 0, 0, '+91 9992876', '2026-03-22', 'Verified'),
(147, 6, 'Sarah Young', 5, 0, 0, 0, '+91 9941737', '2026-04-12', 'Verified'),
(148, 13, 'Sita Robinson', 7, 0, 1, 0, '+91 9953717', '2026-04-09', 'Verified'),
(149, 9, 'Deepak White', 2, 0, 0, 0, '+91 9979909', '2025-10-29', 'Verified'),
(150, 13, 'Deepak Young', 5, 0, 0, 0, '+91 9987347', '2026-03-05', 'Verified'),
(151, 14, 'Sophia Verma', 8, 0, 1, 0, '+91 9965528', '2025-10-20', 'Verified'),
(152, 13, 'Jyoti Verma', 1, 2, 1, 0, '+91 9966866', '2026-03-08', 'Verified'),
(153, 8, 'Jyoti Robinson', 5, 0, 0, 0, '+91 9920595', '2026-03-10', 'Verified'),
(154, 4, 'John Sinha', 8, 0, 0, 0, '+91 9984107', '2026-04-02', 'Verified'),
(155, 12, 'Deepak Jackson', 5, 0, 0, 0, '+91 9935461', '2026-02-14', 'Verified'),
(156, 7, 'Raj Martinez', 1, 0, 0, 1, '+91 9924321', '2026-04-07', 'Verified'),
(157, 3, 'Mia Brown', 1, 0, 1, 0, '+91 9994920', '2026-01-30', 'Verified'),
(158, 5, 'Vikram Martin', 6, 0, 1, 0, '+91 9919827', '2026-02-16', 'Verified'),
(159, 6, 'Rahul Jackson', 6, 0, 0, 0, '+91 9940380', '2026-03-02', 'Verified'),
(160, 8, 'Emma Reddy', 2, 2, 0, 1, '+91 9940883', '2026-03-11', 'Verified'),
(161, 1, 'Sunita Nair', 4, 2, 0, 1, '+91 9991349', '2026-03-27', 'Verified'),
(162, 15, 'Sarah Taylor', 1, 2, 1, 1, '+91 9935104', '2026-02-10', 'Verified'),
(163, 3, 'Sarah Singh', 1, 0, 0, 0, '+91 9966357', '2026-04-11', 'Verified'),
(164, 5, 'Mia Verma', 6, 0, 1, 0, '+91 9972829', '2026-03-03', 'Verified'),
(165, 1, 'Sunita Thomas', 4, 1, 1, 0, '+91 9965958', '2026-03-22', 'Verified'),
(166, 5, 'Charlotte Hall', 5, 0, 1, 1, '+91 9930689', '2026-03-04', 'Verified'),
(167, 9, 'Charles Anderson', 3, 0, 1, 0, '+91 9970131', '2026-01-10', 'Verified'),
(168, 5, 'Priya Wilson', 7, 0, 1, 0, '+91 9963738', '2026-04-03', 'Verified'),
(169, 13, 'Karan Gupta', 7, 0, 0, 0, '+91 9940151', '2026-03-24', 'Verified'),
(170, 15, 'Emma Miller', 1, 2, 0, 0, '+91 9919118', '2025-10-22', 'Verified'),
(171, 13, 'Suresh Johnson', 7, 0, 0, 0, '+91 9965961', '2026-03-11', 'Verified'),
(172, 2, 'Arjun White', 2, 1, 0, 0, '+91 9927657', '2026-01-29', 'Verified'),
(173, 4, 'David Taylor', 4, 0, 0, 0, '+91 9915786', '2025-10-21', 'Verified'),
(174, 8, 'Arjun Hall', 3, 0, 1, 0, '+91 9980717', '2026-01-13', 'Verified'),
(175, 7, 'Amit Young', 7, 0, 0, 0, '+91 9962206', '2025-11-11', 'Verified'),
(176, 2, 'Jyoti Lewis', 8, 0, 1, 0, '+91 9963220', '2025-11-25', 'Verified'),
(177, 3, 'Sophia Hall', 6, 0, 1, 0, '+91 9965423', '2025-11-21', 'Verified'),
(178, 8, 'Sophia Harris', 2, 0, 0, 0, '+91 9982101', '2026-01-29', 'Verified'),
(179, 6, 'Ananya Verma', 1, 0, 0, 0, '+91 9945309', '2025-12-12', 'Verified'),
(180, 15, 'Vikram Nair', 8, 0, 0, 0, '+91 9969452', '2026-03-03', 'Verified'),
(181, 4, 'Olivia Smith', 7, 2, 0, 1, '+91 9981852', '2026-01-17', 'Verified'),
(182, 11, 'William Singh', 4, 0, 1, 0, '+91 9958374', '2026-02-27', 'Verified'),
(183, 11, 'Kiran Brown', 3, 0, 0, 1, '+91 9914316', '2026-04-09', 'Verified'),
(184, 14, 'Deepak Harris', 2, 0, 0, 0, '+91 9980898', '2026-03-17', 'Verified'),
(185, 15, 'David Anderson', 6, 0, 0, 0, '+91 9912685', '2026-04-04', 'Verified'),
(186, 12, 'Priya Miller', 3, 0, 0, 0, '+91 9972155', '2025-10-21', 'Verified'),
(187, 12, 'Charles Smith', 8, 0, 0, 0, '+91 9961986', '2025-12-20', 'Verified'),
(188, 11, 'Priya Martin', 3, 0, 1, 1, '+91 9928145', '2026-03-30', 'Verified'),
(189, 15, 'Arjun Jackson', 7, 0, 0, 0, '+91 9977749', '2025-12-09', 'Verified'),
(190, 9, 'Isabella Patel', 2, 1, 0, 1, '+91 9940516', '2026-03-21', 'Verified'),
(191, 9, 'Neha Brown', 6, 0, 1, 0, '+91 9952849', '2026-03-18', 'Verified'),
(192, 6, 'Sarah Hall', 7, 0, 0, 0, '+91 9934681', '2025-12-13', 'Verified'),
(193, 15, 'Ananya Miller', 8, 0, 1, 0, '+91 9997570', '2026-02-17', 'Verified'),
(194, 6, 'Olivia Robinson', 3, 0, 1, 0, '+91 9941699', '2026-01-28', 'Verified'),
(195, 1, 'Michael Anderson', 3, 0, 1, 0, '+91 9997234', '2025-12-09', 'Verified'),
(196, 14, 'Charles Patel', 2, 0, 1, 0, '+91 9974395', '2025-11-02', 'Verified'),
(197, 6, 'Raj Sinha', 7, 0, 0, 0, '+91 9938302', '2026-03-25', 'Verified'),
(198, 7, 'Deepak Lewis', 1, 1, 0, 1, '+91 9912529', '2026-04-05', 'Verified'),
(199, 10, 'Olivia Verma', 1, 0, 0, 0, '+91 9978520', '2025-12-05', 'Verified'),
(200, 2, 'William Martin', 3, 1, 0, 0, '+91 9933732', '2025-11-12', 'Verified'),
(201, 14, 'Sunita Walker', 7, 0, 1, 0, '+91 9998385', '2025-12-02', 'Verified'),
(202, 11, 'Deepak Martin', 7, 0, 1, 0, '+91 9911557', '2026-03-30', 'Verified'),
(203, 7, 'Amit Nair', 4, 0, 0, 0, '+91 9912616', '2025-11-04', 'Verified'),
(204, 10, 'Vikram Iyer', 2, 0, 0, 0, '+91 9913950', '2026-01-22', 'Verified'),
(205, 2, 'Charles Anderson', 8, 0, 1, 0, '+91 9949829', '2025-12-14', 'Verified'),
(206, 13, 'Neha Wilson', 6, 0, 0, 0, '+91 9923618', '2025-11-01', 'Verified'),
(207, 12, 'Charles White', 2, 0, 0, 1, '+91 9985965', '2025-12-08', 'Verified'),
(208, 4, 'Robert Sharma', 3, 0, 0, 0, '+91 9996331', '2025-10-23', 'Verified'),
(209, 15, 'Sita Verma', 7, 1, 0, 0, '+91 9953322', '2026-02-26', 'Verified'),
(210, 8, 'Vikram Anderson', 3, 0, 0, 0, '+91 9992677', '2025-10-30', 'Verified'),
(211, 1, 'Priya Harris', 2, 0, 0, 0, '+91 9993732', '2026-03-21', 'Verified'),
(212, 2, 'Jyoti Wilson', 6, 0, 1, 1, '+91 9920897', '2026-02-23', 'Verified'),
(213, 5, 'Ananya Walker', 3, 0, 1, 1, '+91 9969598', '2026-04-03', 'Verified'),
(214, 14, 'Charles Johnson', 7, 0, 0, 0, '+91 9914435', '2026-02-26', 'Verified'),
(215, 11, 'Olivia Martinez', 8, 0, 0, 0, '+91 9977595', '2025-11-23', 'Verified'),
(216, 12, 'Amit Singh', 4, 0, 0, 1, '+91 9913100', '2026-01-31', 'Verified'),
(217, 12, 'Sarah Sinha', 7, 0, 1, 1, '+91 9983139', '2025-10-25', 'Verified'),
(218, 9, 'Sita Martin', 1, 0, 0, 0, '+91 9963167', '2026-01-07', 'Verified'),
(219, 15, 'Ananya Patel', 8, 0, 0, 0, '+91 9969234', '2026-03-03', 'Verified'),
(220, 2, 'Amit Clark', 6, 0, 0, 0, '+91 9912256', '2025-10-25', 'Verified'),
(221, 4, 'Sita Harris', 6, 0, 1, 0, '+91 9989150', '2025-12-13', 'Verified'),
(222, 7, 'Meera White', 5, 2, 0, 0, '+91 9993550', '2025-12-25', 'Verified'),
(223, 11, 'Amit Young', 1, 0, 1, 0, '+91 9981872', '2025-10-29', 'Verified'),
(224, 3, 'Kiran Nair', 5, 2, 0, 0, '+91 9956185', '2025-11-06', 'Verified'),
(225, 9, 'Raj Das', 1, 0, 1, 0, '+91 9912245', '2026-03-17', 'Verified'),
(226, 3, 'Vikram White', 6, 0, 0, 1, '+91 9988244', '2025-10-23', 'Verified'),
(227, 12, 'Emma Verma', 1, 2, 0, 0, '+91 9956368', '2026-01-26', 'Verified'),
(228, 14, 'Deepak Martinez', 3, 0, 0, 1, '+91 9966426', '2025-11-26', 'Verified'),
(229, 14, 'Amit Young', 8, 0, 1, 0, '+91 9972606', '2026-03-25', 'Verified'),
(230, 4, 'Kiran Singh', 2, 1, 0, 0, '+91 9953143', '2026-02-12', 'Verified'),
(231, 14, 'Sita Clark', 1, 2, 0, 1, '+91 9931622', '2025-10-19', 'Verified'),
(232, 11, 'Ananya Sinha', 4, 0, 1, 0, '+91 9968801', '2026-03-30', 'Verified'),
(233, 2, 'James Sharma', 6, 0, 0, 1, '+91 9947132', '2025-11-29', 'Verified'),
(234, 7, 'Kiran Gupta', 5, 0, 1, 0, '+91 9963633', '2026-02-08', 'Verified'),
(235, 11, 'Arjun Johnson', 7, 0, 0, 0, '+91 9990362', '2026-03-18', 'Verified'),
(236, 14, 'Ananya Clark', 5, 1, 0, 0, '+91 9923109', '2025-11-13', 'Verified'),
(237, 4, 'Rahul Walker', 5, 0, 0, 0, '+91 9980344', '2025-12-25', 'Verified'),
(238, 6, 'Sophia Wilson', 1, 0, 1, 0, '+91 9945929', '2026-04-03', 'Verified'),
(239, 2, 'Rahul Reddy', 3, 2, 0, 0, '+91 9958718', '2026-04-07', 'Verified'),
(240, 5, 'John Patel', 2, 1, 0, 0, '+91 9982749', '2026-02-11', 'Verified'),
(241, 2, 'Suresh Taylor', 4, 0, 1, 0, '+91 9996417', '2026-03-11', 'Verified'),
(242, 3, 'Priya Miller', 2, 0, 0, 1, '+91 9914269', '2025-10-31', 'Verified'),
(243, 13, 'Neha Robinson', 4, 0, 0, 0, '+91 9998707', '2025-12-24', 'Verified'),
(244, 10, 'Michael Johnson', 1, 0, 1, 0, '+91 9913529', '2026-04-08', 'Verified'),
(245, 14, 'Ananya Hall', 3, 0, 0, 1, '+91 9954935', '2025-10-27', 'Verified'),
(246, 13, 'Ananya Clark', 8, 0, 0, 0, '+91 9910399', '2026-01-22', 'Verified'),
(247, 2, 'Karan Thomas', 3, 0, 1, 0, '+91 9961589', '2025-12-24', 'Verified'),
(248, 13, 'Karan Taylor', 4, 1, 1, 0, '+91 9965307', '2026-03-15', 'Verified'),
(249, 8, 'Ananya Johnson', 6, 0, 1, 0, '+91 9923411', '2025-12-12', 'Verified'),
(250, 1, 'Suresh Walker', 2, 0, 0, 1, '+91 9983223', '2025-11-21', 'Verified'),
(251, 11, 'Vikram Sharma', 1, 0, 0, 0, '+91 9948991', '2025-11-23', 'Verified'),
(252, 10, 'Deepak Wilson', 6, 0, 1, 1, '+91 9948397', '2025-10-24', 'Verified'),
(253, 13, 'Raj Smith', 2, 0, 0, 0, '+91 9985747', '2025-12-17', 'Verified'),
(254, 4, 'James Miller', 1, 0, 1, 0, '+91 9931371', '2025-12-20', 'Verified'),
(255, 5, 'Meera Singh', 1, 0, 0, 0, '+91 9930246', '2025-11-12', 'Verified'),
(256, 9, 'Priya Brown', 4, 0, 0, 0, '+91 9910879', '2025-12-12', 'Verified'),
(257, 3, 'Emma Brown', 3, 0, 1, 0, '+91 9978131', '2025-12-29', 'Verified'),
(258, 13, 'Sophia Reddy', 6, 0, 0, 0, '+91 9982728', '2025-10-17', 'Verified'),
(259, 2, 'Sita Robinson', 6, 0, 1, 0, '+91 9917724', '2025-12-05', 'Verified'),
(260, 3, 'Charles Robinson', 3, 0, 0, 0, '+91 9965507', '2026-02-19', 'Verified'),
(261, 7, 'Michael Thomas', 7, 0, 1, 0, '+91 9937918', '2025-12-04', 'Verified'),
(262, 15, 'Jyoti Martin', 7, 1, 1, 0, '+91 9959736', '2026-01-19', 'Verified'),
(263, 6, 'Karan Das', 7, 0, 0, 1, '+91 9942165', '2026-03-24', 'Verified'),
(264, 1, 'Kiran Hall', 4, 0, 1, 0, '+91 9961762', '2025-12-21', 'Verified'),
(265, 5, 'Amit Johnson', 8, 0, 0, 0, '+91 9915510', '2025-10-17', 'Verified'),
(266, 4, 'David Gupta', 6, 0, 0, 0, '+91 9972645', '2025-11-09', 'Verified'),
(267, 7, 'William Robinson', 3, 1, 1, 0, '+91 9966631', '2026-02-18', 'Verified'),
(268, 11, 'Isabella Sharma', 2, 0, 0, 0, '+91 9996964', '2026-03-30', 'Verified'),
(269, 2, 'Michael Garcia', 2, 0, 1, 0, '+91 9963596', '2026-03-30', 'Verified'),
(270, 8, 'Ananya Anderson', 2, 0, 1, 0, '+91 9963668', '2025-10-31', 'Verified'),
(271, 8, 'Amit Verma', 3, 0, 1, 1, '+91 9931754', '2025-12-13', 'Verified'),
(272, 7, 'Karan Young', 1, 0, 0, 0, '+91 9996348', '2026-02-10', 'Verified'),
(273, 11, 'John Iyer', 5, 0, 1, 0, '+91 9942322', '2026-03-11', 'Verified'),
(274, 15, 'Isabella Lewis', 2, 0, 1, 1, '+91 9911347', '2026-01-14', 'Verified'),
(275, 11, 'Mia Martinez', 3, 0, 0, 1, '+91 9917563', '2026-02-26', 'Verified'),
(276, 4, 'Rahul Das', 2, 0, 0, 0, '+91 9997739', '2026-02-05', 'Verified'),
(277, 7, 'Sarah Nair', 5, 0, 0, 0, '+91 9937219', '2026-03-02', 'Verified'),
(278, 13, 'Raj Martin', 7, 0, 1, 0, '+91 9939300', '2025-11-10', 'Verified'),
(279, 1, 'Charles Martin', 8, 1, 0, 1, '+91 9973832', '2026-02-02', 'Verified'),
(280, 2, 'Sunita Taylor', 2, 2, 1, 0, '+91 9975463', '2025-12-21', 'Verified'),
(281, 11, 'Sarah Sharma', 3, 1, 0, 0, '+91 9923668', '2026-04-06', 'Verified'),
(282, 8, 'Sarah Martinez', 5, 0, 0, 0, '+91 9974313', '2026-02-02', 'Verified'),
(283, 9, 'John Jackson', 3, 0, 0, 1, '+91 9952974', '2026-01-15', 'Verified'),
(284, 13, 'Jyoti Miller', 5, 0, 0, 1, '+91 9965591', '2025-12-20', 'Verified'),
(285, 5, 'Sunita Clark', 7, 0, 1, 0, '+91 9914230', '2025-10-27', 'Verified'),
(286, 15, 'Kiran Wilson', 5, 2, 1, 0, '+91 9994511', '2026-01-07', 'Verified'),
(287, 1, 'Olivia Iyer', 1, 0, 0, 1, '+91 9920496', '2026-02-23', 'Verified'),
(288, 5, 'Priya Thomas', 7, 0, 1, 1, '+91 9944996', '2026-02-01', 'Verified'),
(289, 1, 'Amit Taylor', 5, 1, 0, 1, '+91 9948277', '2026-02-25', 'Verified'),
(290, 3, 'Neha Das', 8, 0, 0, 0, '+91 9932741', '2025-12-04', 'Verified'),
(291, 12, 'William Clark', 4, 0, 0, 1, '+91 9991176', '2025-12-23', 'Verified'),
(292, 10, 'Sunita Iyer', 8, 0, 0, 0, '+91 9917524', '2026-01-05', 'Verified'),
(293, 13, 'Kiran Garcia', 7, 0, 1, 0, '+91 9941492', '2025-12-04', 'Verified'),
(294, 12, 'Karan Singh', 6, 0, 0, 1, '+91 9997828', '2026-01-19', 'Verified'),
(295, 3, 'Priya Smith', 5, 0, 1, 0, '+91 9911893', '2026-03-07', 'Verified'),
(296, 14, 'Sunita Martin', 8, 0, 0, 0, '+91 9975146', '2026-03-22', 'Verified'),
(297, 9, 'Charlotte White', 5, 0, 0, 0, '+91 9951253', '2025-11-06', 'Verified'),
(298, 7, 'James Sinha', 2, 1, 0, 0, '+91 9912469', '2026-01-04', 'Verified'),
(299, 7, 'Mia Miller', 7, 1, 0, 0, '+91 9939787', '2026-04-10', 'Verified'),
(300, 13, 'Vikram Clark', 8, 1, 1, 1, '+91 9915741', '2025-10-18', 'Verified'),
(301, 8, 'David Martinez', 2, 0, 0, 0, '+91 9985171', '2026-02-03', 'Verified'),
(302, 8, 'Jyoti Robinson', 3, 0, 0, 0, '+91 9930957', '2026-02-19', 'Verified'),
(303, 13, 'Charles Sinha', 3, 0, 1, 0, '+91 9923467', '2026-04-01', 'Verified'),
(304, 12, 'David Das', 6, 0, 0, 0, '+91 9982504', '2026-03-24', 'Verified'),
(305, 10, 'Neha Thomas', 5, 0, 0, 0, '+91 9928833', '2026-02-02', 'Verified'),
(306, 4, 'Charles Singh', 4, 2, 0, 0, '+91 9940212', '2026-03-14', 'Verified'),
(307, 12, 'Karan Singh', 4, 0, 1, 1, '+91 9939475', '2026-01-18', 'Verified'),
(308, 4, 'Sophia Sinha', 8, 0, 0, 0, '+91 9915292', '2026-03-15', 'Verified'),
(309, 13, 'Sophia Hall', 8, 1, 1, 0, '+91 9974554', '2026-02-04', 'Verified'),
(310, 3, 'Mia Das', 6, 0, 0, 0, '+91 9931351', '2026-03-21', 'Verified'),
(311, 8, 'Robert Sharma', 5, 0, 0, 0, '+91 9910526', '2025-10-18', 'Verified'),
(312, 15, 'Meera Sinha', 8, 0, 0, 1, '+91 9922337', '2026-04-11', 'Verified'),
(313, 11, 'Michael Patel', 4, 2, 0, 1, '+91 9933961', '2025-11-30', 'Verified'),
(314, 10, 'Suresh Thomas', 6, 0, 0, 0, '+91 9952975', '2025-12-10', 'Verified'),
(315, 11, 'Priya Garcia', 4, 2, 0, 0, '+91 9978578', '2025-12-19', 'Verified'),
(316, 6, 'Suresh White', 3, 0, 0, 0, '+91 9927318', '2025-12-14', 'Verified'),
(317, 7, 'Emma Clark', 2, 0, 0, 1, '+91 9955575', '2026-04-06', 'Verified'),
(318, 7, 'James Reddy', 2, 0, 1, 0, '+91 9934802', '2025-12-10', 'Verified'),
(319, 6, 'Sunita Jackson', 3, 1, 0, 0, '+91 9959886', '2025-12-10', 'Verified'),
(320, 8, 'Charlotte Gupta', 6, 1, 0, 0, '+91 9957685', '2026-01-27', 'Verified'),
(321, 12, 'Raj Thomas', 2, 0, 1, 0, '+91 9918264', '2025-12-03', 'Verified'),
(322, 12, 'Mia Young', 5, 0, 0, 0, '+91 9911315', '2026-02-26', 'Verified'),
(323, 1, 'Jyoti Johnson', 8, 0, 0, 0, '+91 9915151', '2026-02-26', 'Verified'),
(324, 10, 'Karan Gupta', 2, 0, 0, 0, '+91 9944892', '2025-11-30', 'Verified'),
(325, 9, 'John Johnson', 1, 0, 1, 0, '+91 9956980', '2026-02-10', 'Verified'),
(326, 9, 'Neha Patel', 6, 0, 0, 0, '+91 9927394', '2025-12-07', 'Verified'),
(327, 6, 'Olivia Smith', 6, 0, 0, 0, '+91 9983329', '2025-11-25', 'Verified'),
(328, 1, 'Mia Martinez', 2, 0, 1, 0, '+91 9958778', '2026-04-14', 'Verified'),
(329, 5, 'Robert Das', 3, 0, 0, 0, '+91 9934258', '2025-11-28', 'Verified'),
(330, 15, 'Isabella Robinson', 7, 2, 0, 0, '+91 9952622', '2025-12-04', 'Verified'),
(331, 12, 'Mia Martinez', 3, 0, 0, 0, '+91 9996224', '2025-12-04', 'Verified'),
(332, 9, 'Raj Singh', 5, 0, 1, 1, '+91 9935619', '2026-03-28', 'Verified'),
(333, 11, 'Sita Johnson', 1, 0, 0, 0, '+91 9969800', '2025-11-01', 'Verified'),
(334, 13, 'Rahul Verma', 3, 0, 0, 0, '+91 9956237', '2026-03-09', 'Verified'),
(335, 1, 'Rahul Reddy', 4, 0, 1, 0, '+91 9917297', '2026-01-20', 'Verified'),
(336, 9, 'Charlotte Jackson', 7, 0, 0, 0, '+91 9966543', '2025-11-27', 'Verified'),
(337, 15, 'Meera Brown', 3, 0, 0, 0, '+91 9935877', '2026-01-27', 'Verified'),
(338, 3, 'John Reddy', 7, 1, 1, 0, '+91 9912922', '2026-03-06', 'Verified'),
(339, 8, 'Ananya Johnson', 7, 0, 1, 0, '+91 9981348', '2026-02-25', 'Verified'),
(340, 13, 'Sita Walker', 5, 0, 0, 0, '+91 9947274', '2026-01-20', 'Verified'),
(341, 9, 'Charles Jackson', 3, 0, 0, 0, '+91 9947745', '2025-10-18', 'Verified'),
(342, 4, 'Neha Hall', 3, 0, 1, 0, '+91 9967362', '2026-01-06', 'Verified'),
(343, 8, 'Raj Iyer', 4, 2, 1, 1, '+91 9989999', '2025-12-18', 'Verified'),
(344, 6, 'Priya White', 3, 1, 1, 0, '+91 9989526', '2026-03-28', 'Verified'),
(345, 13, 'Isabella Jackson', 7, 0, 0, 0, '+91 9957701', '2025-12-29', 'Verified'),
(346, 14, 'John Nair', 3, 0, 0, 0, '+91 9999394', '2026-03-21', 'Verified'),
(347, 8, 'Charlotte Garcia', 3, 0, 0, 0, '+91 9970145', '2025-12-21', 'Verified'),
(348, 15, 'Charles Smith', 1, 0, 0, 0, '+91 9987814', '2026-01-17', 'Verified'),
(349, 7, 'Isabella Das', 5, 0, 0, 0, '+91 9957845', '2026-03-22', 'Verified'),
(350, 1, 'David Hall', 1, 0, 0, 0, '+91 9950297', '2026-01-30', 'Verified'),
(351, 12, 'William Martin', 8, 0, 1, 0, '+91 9948704', '2026-04-12', 'Verified'),
(352, 13, 'Karan Garcia', 3, 0, 0, 0, '+91 9934979', '2026-02-17', 'Verified'),
(353, 14, 'Suresh Sinha', 7, 0, 0, 0, '+91 9974610', '2026-04-07', 'Verified'),
(354, 15, 'Olivia Gupta', 1, 0, 0, 1, '+91 9943272', '2025-11-07', 'Verified'),
(355, 11, 'Isabella Johnson', 8, 0, 1, 0, '+91 9912408', '2025-11-27', 'Verified'),
(356, 1, 'Vikram Singh', 3, 0, 0, 0, '+91 9912994', '2025-10-21', 'Verified'),
(357, 6, 'John Johnson', 7, 0, 0, 0, '+91 9973783', '2025-12-31', 'Verified'),
(358, 12, 'Sunita Gupta', 7, 0, 0, 0, '+91 9979796', '2026-03-18', 'Verified'),
(359, 15, 'Meera Sharma', 8, 2, 1, 0, '+91 9911824', '2026-01-25', 'Verified'),
(360, 4, 'Charlotte Miller', 4, 0, 0, 0, '+91 9918788', '2025-10-31', 'Verified'),
(361, 11, 'Isabella Sharma', 7, 0, 0, 0, '+91 9921516', '2026-04-03', 'Verified'),
(362, 3, 'John Das', 5, 0, 0, 0, '+91 9923904', '2026-04-03', 'Verified'),
(363, 6, 'Sunita Patel', 4, 0, 0, 0, '+91 9921448', '2025-11-24', 'Verified'),
(364, 9, 'Kiran Verma', 1, 0, 0, 0, '+91 9926482', '2026-02-25', 'Verified'),
(365, 4, 'William Sharma', 7, 0, 0, 0, '+91 9963431', '2026-01-25', 'Verified'),
(366, 8, 'Karan Taylor', 6, 0, 0, 1, '+91 9925135', '2026-02-05', 'Verified'),
(367, 11, 'Ananya Smith', 1, 0, 0, 0, '+91 9955381', '2025-11-25', 'Verified'),
(368, 15, 'Raj Martin', 3, 0, 0, 0, '+91 9987755', '2026-04-06', 'Verified'),
(369, 6, 'Michael Young', 5, 0, 0, 1, '+91 9960924', '2026-03-07', 'Verified'),
(370, 3, 'William Robinson', 8, 0, 1, 1, '+91 9971834', '2026-03-01', 'Verified'),
(371, 5, 'Vikram Brown', 6, 0, 0, 1, '+91 9924238', '2026-03-26', 'Verified'),
(372, 3, 'Neha Harris', 6, 0, 0, 0, '+91 9926969', '2026-03-06', 'Verified'),
(373, 8, 'Ananya Lewis', 2, 0, 0, 0, '+91 9994728', '2025-12-17', 'Verified'),
(374, 7, 'Sita Harris', 3, 0, 0, 0, '+91 9975688', '2025-12-11', 'Verified'),
(375, 14, 'Sophia Miller', 3, 0, 1, 0, '+91 9988498', '2026-01-12', 'Verified'),
(376, 9, 'Rahul White', 4, 0, 0, 0, '+91 9958444', '2026-02-13', 'Verified'),
(377, 9, 'James Smith', 4, 2, 0, 1, '+91 9929232', '2026-04-13', 'Verified'),
(378, 1, 'Sita Anderson', 4, 0, 0, 0, '+91 9921634', '2025-12-30', 'Verified'),
(379, 10, 'Vikram Robinson', 5, 2, 0, 0, '+91 9931758', '2025-12-03', 'Verified'),
(380, 2, 'Sita Sharma', 4, 0, 0, 0, '+91 9997489', '2026-02-26', 'Verified'),
(381, 4, 'Olivia Gupta', 7, 0, 1, 0, '+91 9964108', '2025-12-04', 'Verified'),
(382, 2, 'Ananya Gupta', 2, 0, 0, 1, '+91 9910991', '2025-11-01', 'Verified'),
(383, 1, 'Deepak Thomas', 8, 0, 0, 0, '+91 9944299', '2026-04-06', 'Verified'),
(384, 15, 'Sunita Patel', 8, 1, 0, 0, '+91 9926546', '2026-02-08', 'Verified'),
(385, 10, 'Priya Hall', 8, 0, 0, 0, '+91 9931846', '2025-11-06', 'Verified'),
(386, 13, 'Raj Taylor', 5, 0, 0, 0, '+91 9935336', '2026-01-24', 'Verified'),
(387, 11, 'Sunita Smith', 1, 0, 1, 0, '+91 9984119', '2025-11-09', 'Verified'),
(388, 8, 'Ananya Gupta', 5, 0, 1, 0, '+91 9970884', '2026-03-24', 'Verified'),
(389, 9, 'Vikram Lewis', 4, 2, 1, 0, '+91 9986336', '2026-03-01', 'Verified'),
(390, 7, 'Suresh Johnson', 2, 0, 0, 1, '+91 9912480', '2026-02-17', 'Verified'),
(391, 14, 'James Taylor', 8, 0, 0, 0, '+91 9956395', '2025-12-25', 'Verified'),
(392, 5, 'Priya Hall', 2, 0, 0, 0, '+91 9962140', '2026-03-28', 'Verified'),
(393, 8, 'William Clark', 8, 0, 0, 0, '+91 9944498', '2026-03-21', 'Verified'),
(394, 10, 'Mia Verma', 3, 1, 0, 0, '+91 9983875', '2025-11-01', 'Verified'),
(395, 4, 'Neha Das', 6, 1, 0, 0, '+91 9982359', '2026-04-02', 'Verified'),
(396, 14, 'David Martin', 1, 0, 0, 1, '+91 9967759', '2026-02-18', 'Verified'),
(397, 15, 'Michael Hall', 2, 0, 0, 0, '+91 9934320', '2025-11-08', 'Verified'),
(398, 4, 'Raj Nair', 4, 0, 0, 0, '+91 9971224', '2026-03-06', 'Verified'),
(399, 6, 'David Brown', 3, 0, 0, 1, '+91 9926794', '2026-01-25', 'Verified'),
(400, 12, 'Charles Sinha', 3, 1, 1, 0, '+91 9937103', '2025-10-17', 'Verified');

-- 3. SCALED AID DISTRIBUTIONS (+830)
INSERT INTO AID_DISTRIBUTION (distribution_id, family_id, resource_id, volunteer_id, quantity_given, distribution_date) VALUES
(71, 324, 12, 69, 3, '2026-03-02 16:42:30') ,
(72, 230, 4, 10, 18, '2026-03-24 10:33:03') ,
(73, 185, 3, 96, 10, '2025-12-19 08:48:10') ,
(74, 131, 12, 87, 9, '2026-01-10 18:36:14') ,
(75, 178, 9, 88, 5, '2025-12-01 14:37:19') ,
(76, 325, 3, 50, 18, '2026-04-09 16:34:20') ,
(77, 218, 2, 21, 4, '2025-11-23 22:39:47') ,
(78, 184, 3, 43, 1, '2026-03-05 04:35:07') ,
(79, 5, 4, 21, 20, '2026-01-04 17:45:08') ,
(80, 174, 2, 79, 1, '2025-10-18 12:07:57') ,
(81, 179, 1, 84, 15, '2026-04-03 20:24:33') ,
(82, 229, 7, 5, 12, '2026-01-30 19:48:56') ,
(83, 1, 5, 17, 8, '2025-12-05 13:05:16') ,
(84, 365, 8, 59, 17, '2026-01-11 11:09:26') ,
(85, 57, 9, 68, 5, '2026-03-01 15:00:07') ,
(86, 191, 10, 9, 15, '2026-04-02 23:13:34') ,
(87, 173, 9, 24, 15, '2026-02-05 01:40:58') ,
(88, 81, 11, 25, 6, '2025-11-02 02:42:39') ,
(89, 348, 1, 70, 2, '2026-03-31 22:26:02') ,
(90, 387, 6, 18, 1, '2026-02-04 20:58:41') ,
(91, 143, 8, 85, 5, '2025-11-10 06:44:15') ,
(92, 82, 11, 62, 10, '2025-12-24 02:23:28') ,
(93, 141, 12, 100, 13, '2026-03-28 15:31:01') ,
(94, 34, 5, 11, 4, '2026-02-09 05:40:09') ,
(95, 138, 2, 25, 17, '2026-02-09 06:20:32') ,
(96, 391, 3, 37, 2, '2025-12-16 12:18:16') ,
(97, 3, 7, 22, 18, '2025-11-06 11:14:53') ,
(98, 379, 7, 86, 12, '2025-12-21 03:58:21') ,
(99, 239, 5, 15, 1, '2026-02-24 01:19:52') ,
(100, 65, 10, 77, 10, '2025-12-13 16:16:56') ,
(101, 352, 7, 80, 18, '2026-04-08 03:19:40') ,
(102, 293, 1, 46, 10, '2025-11-30 16:03:24') ,
(103, 182, 12, 72, 13, '2026-03-27 16:44:48') ,
(104, 283, 9, 38, 19, '2025-12-21 00:12:17') ,
(105, 336, 12, 71, 2, '2026-03-09 17:47:39') ,
(106, 322, 9, 4, 3, '2025-11-23 11:52:25') ,
(107, 104, 7, 57, 10, '2025-12-29 01:36:19') ,
(108, 85, 6, 23, 18, '2025-11-18 13:07:02') ,
(109, 23, 3, 26, 1, '2025-11-05 04:33:47') ,
(110, 190, 8, 38, 3, '2025-12-16 14:38:48') ,
(111, 25, 6, 99, 14, '2026-03-06 02:52:57') ,
(112, 28, 11, 58, 2, '2026-03-20 06:40:11') ,
(113, 212, 4, 93, 19, '2026-03-16 18:50:16') ,
(114, 238, 2, 59, 15, '2025-10-29 22:22:38') ,
(115, 209, 3, 100, 15, '2025-11-29 17:41:02') ,
(116, 40, 4, 95, 2, '2026-03-04 09:18:01') ,
(117, 4, 4, 22, 10, '2026-04-08 06:10:04') ,
(118, 357, 3, 78, 2, '2025-12-30 23:06:27') ,
(119, 221, 3, 55, 19, '2025-11-23 21:59:56') ,
(120, 92, 9, 67, 9, '2025-11-18 17:16:16') ,
(121, 200, 12, 53, 19, '2025-12-06 12:01:40') ,
(122, 339, 5, 88, 11, '2026-02-14 13:03:08') ,
(123, 365, 2, 61, 17, '2026-02-12 13:38:14') ,
(124, 197, 10, 34, 6, '2026-01-02 18:41:17') ,
(125, 110, 6, 83, 10, '2025-10-24 14:09:20') ,
(126, 62, 10, 63, 4, '2025-11-07 12:16:55') ,
(127, 107, 2, 56, 4, '2025-10-27 18:23:47') ,
(128, 160, 8, 74, 17, '2026-01-13 23:29:08') ,
(129, 248, 6, 9, 9, '2026-02-03 02:11:03') ,
(130, 330, 8, 43, 20, '2026-02-06 09:30:22') ,
(131, 360, 10, 61, 19, '2026-02-06 10:45:14') ,
(132, 382, 3, 20, 18, '2026-02-20 08:05:33') ,
(133, 42, 6, 85, 1, '2026-03-28 16:20:24') ,
(134, 291, 8, 72, 6, '2026-01-30 04:09:27') ,
(135, 118, 9, 93, 9, '2026-02-02 20:53:01') ,
(136, 233, 8, 83, 12, '2026-02-12 13:44:08') ,
(137, 228, 12, 45, 15, '2026-02-10 13:34:15') ,
(138, 357, 6, 35, 18, '2026-03-19 21:03:28') ,
(139, 303, 11, 35, 10, '2025-11-03 17:14:02') ,
(140, 205, 9, 82, 5, '2026-01-21 07:29:45') ,
(141, 295, 10, 9, 7, '2026-01-17 19:26:16') ,
(142, 249, 4, 2, 8, '2026-03-23 04:38:29') ,
(143, 125, 12, 5, 4, '2026-02-22 07:45:25') ,
(144, 32, 9, 2, 7, '2026-03-14 11:24:19') ,
(145, 105, 10, 98, 20, '2026-02-22 03:31:39') ,
(146, 176, 1, 45, 20, '2026-01-17 00:39:19') ,
(147, 112, 7, 36, 8, '2026-03-18 13:01:37') ,
(148, 196, 1, 53, 9, '2025-12-11 22:48:30') ,
(149, 233, 5, 76, 3, '2025-11-14 23:24:23') ,
(150, 372, 5, 43, 10, '2026-01-08 22:44:57') ,
(151, 229, 2, 69, 10, '2026-04-08 01:24:03') ,
(152, 136, 4, 95, 18, '2026-01-04 10:25:50') ,
(153, 12, 7, 88, 8, '2026-02-18 03:02:25') ,
(154, 170, 8, 73, 4, '2025-12-31 10:01:21') ,
(155, 290, 9, 75, 14, '2025-11-18 14:50:44') ,
(156, 190, 6, 71, 12, '2025-12-08 23:45:26') ,
(157, 211, 9, 3, 19, '2026-02-24 08:56:50') ,
(158, 235, 2, 50, 7, '2026-02-09 01:55:11') ,
(159, 14, 10, 28, 9, '2026-04-14 05:46:18') ,
(160, 121, 12, 11, 18, '2026-01-21 19:56:07') ,
(161, 128, 10, 10, 15, '2025-11-16 12:08:13') ,
(162, 275, 8, 55, 12, '2026-01-19 13:18:56') ,
(163, 161, 4, 54, 7, '2026-04-05 11:53:15') ,
(164, 397, 8, 67, 18, '2025-12-23 22:00:21') ,
(165, 41, 11, 32, 19, '2026-01-06 15:00:36') ,
(166, 222, 10, 17, 16, '2026-01-31 11:55:07') ,
(167, 209, 12, 8, 1, '2026-03-02 05:39:10') ,
(168, 342, 2, 70, 15, '2025-12-01 00:50:42') ,
(169, 304, 1, 44, 20, '2026-01-30 17:32:08') ,
(170, 82, 2, 84, 3, '2026-03-09 06:54:19') ,
(171, 121, 4, 22, 14, '2025-10-21 06:35:18') ,
(172, 173, 8, 91, 17, '2025-11-18 07:04:19') ,
(173, 13, 5, 50, 9, '2026-02-27 08:37:18') ,
(174, 199, 11, 50, 9, '2026-04-12 18:07:27') ,
(175, 26, 9, 65, 4, '2025-10-17 03:39:08') ,
(176, 276, 4, 91, 6, '2026-04-08 18:57:15') ,
(177, 377, 1, 32, 11, '2026-01-17 21:00:28') ,
(178, 152, 9, 54, 6, '2026-03-05 06:13:25') ,
(179, 332, 9, 93, 18, '2025-12-13 22:28:19') ,
(180, 285, 6, 76, 10, '2025-11-14 05:54:12') ,
(181, 96, 5, 97, 20, '2025-11-09 01:30:15') ,
(182, 202, 9, 34, 5, '2026-01-24 21:57:08') ,
(183, 237, 1, 30, 11, '2025-10-27 15:43:59') ,
(184, 189, 4, 45, 12, '2025-11-28 13:30:26') ,
(185, 326, 11, 95, 3, '2025-11-17 22:42:58') ,
(186, 351, 11, 93, 2, '2026-02-28 08:30:29') ,
(187, 57, 2, 18, 2, '2025-11-06 01:57:34') ,
(188, 285, 11, 78, 8, '2025-11-05 19:38:14') ,
(189, 207, 10, 68, 16, '2025-12-04 10:21:44') ,
(190, 59, 4, 27, 5, '2026-01-04 04:21:55') ,
(191, 333, 2, 63, 2, '2026-02-25 00:27:43') ,
(192, 273, 4, 48, 1, '2025-12-28 00:44:39') ,
(193, 55, 10, 17, 17, '2026-04-03 16:43:51') ,
(194, 168, 12, 66, 11, '2026-03-02 03:59:50') ,
(195, 84, 8, 49, 3, '2025-11-26 07:41:17') ,
(196, 122, 1, 15, 19, '2026-03-08 21:45:34') ,
(197, 53, 7, 63, 9, '2026-04-07 17:23:57') ,
(198, 359, 5, 74, 6, '2026-03-11 19:24:03') ,
(199, 15, 5, 49, 15, '2025-12-11 05:16:15') ,
(200, 286, 7, 33, 9, '2025-11-10 13:30:41') ,
(201, 240, 1, 19, 15, '2026-03-25 20:45:43') ,
(202, 361, 1, 25, 10, '2026-01-04 10:20:23') ,
(203, 224, 4, 84, 2, '2026-02-21 22:01:29') ,
(204, 189, 7, 31, 15, '2025-12-30 21:44:08') ,
(205, 277, 2, 86, 11, '2026-03-15 00:36:36') ,
(206, 354, 3, 15, 19, '2026-03-12 20:05:36') ,
(207, 205, 12, 82, 12, '2025-10-20 08:57:17') ,
(208, 70, 6, 14, 11, '2025-11-26 04:50:27') ,
(209, 289, 6, 4, 4, '2025-12-05 20:19:49') ,
(210, 223, 7, 64, 16, '2026-04-01 16:58:17') ,
(211, 132, 4, 49, 11, '2026-04-10 12:01:21') ,
(212, 348, 7, 75, 18, '2025-12-04 06:40:35') ,
(213, 374, 9, 3, 16, '2025-11-13 22:21:55') ,
(214, 83, 4, 37, 13, '2026-03-12 15:21:01') ,
(215, 356, 12, 60, 2, '2026-01-12 13:15:32') ,
(216, 229, 8, 12, 15, '2026-03-16 07:54:15') ,
(217, 300, 9, 6, 20, '2025-10-31 12:05:47') ,
(218, 237, 2, 19, 1, '2025-12-08 21:58:19') ,
(219, 211, 8, 20, 6, '2025-12-19 19:11:27') ,
(220, 66, 3, 33, 7, '2026-03-19 14:49:19') ,
(221, 57, 3, 83, 16, '2025-11-02 13:36:09') ,
(222, 15, 12, 55, 4, '2026-02-28 16:53:06') ,
(223, 393, 7, 41, 14, '2026-02-11 11:12:19') ,
(224, 184, 3, 5, 18, '2026-02-26 04:15:17') ,
(225, 89, 1, 23, 19, '2025-11-17 17:42:09') ,
(226, 243, 12, 83, 14, '2025-11-14 09:40:58') ,
(227, 26, 5, 98, 8, '2025-11-26 18:27:55') ,
(228, 182, 1, 44, 4, '2025-11-09 12:24:14') ,
(229, 329, 3, 23, 2, '2026-03-31 06:17:49') ,
(230, 165, 6, 97, 13, '2025-12-04 21:18:53') ,
(231, 38, 6, 14, 19, '2025-11-26 18:27:28') ,
(232, 282, 7, 96, 4, '2025-10-25 04:16:02') ,
(233, 391, 12, 34, 6, '2026-03-08 05:02:48') ,
(234, 92, 6, 56, 9, '2026-03-04 09:27:36') ,
(235, 155, 12, 83, 20, '2026-01-22 02:33:46') ,
(236, 177, 5, 97, 14, '2025-11-27 08:17:25') ,
(237, 273, 3, 100, 12, '2026-01-18 07:53:02') ,
(238, 314, 6, 39, 7, '2025-11-16 20:47:09') ,
(239, 372, 10, 64, 16, '2025-11-16 20:46:06') ,
(240, 78, 5, 79, 20, '2025-10-31 14:11:31') ,
(241, 368, 12, 64, 1, '2026-01-10 19:29:23') ,
(242, 211, 2, 64, 4, '2026-01-01 07:23:15') ,
(243, 122, 7, 96, 14, '2026-02-05 23:07:36') ,
(244, 116, 1, 12, 2, '2026-03-30 11:52:42') ,
(245, 373, 9, 74, 8, '2025-11-09 04:44:00') ,
(246, 187, 9, 42, 12, '2025-10-30 17:45:08') ,
(247, 116, 5, 11, 10, '2025-11-07 23:16:31') ,
(248, 154, 5, 60, 9, '2026-04-12 15:48:02') ,
(249, 32, 9, 43, 8, '2025-10-22 20:35:35') ,
(250, 60, 3, 46, 9, '2025-11-10 11:46:44') ,
(251, 242, 4, 62, 13, '2026-02-15 19:33:44') ,
(252, 96, 4, 83, 17, '2025-12-16 21:32:42') ,
(253, 45, 7, 68, 10, '2025-11-01 00:35:53') ,
(254, 321, 3, 85, 12, '2025-10-17 15:54:24') ,
(255, 55, 12, 99, 18, '2026-02-03 03:57:21') ,
(256, 242, 8, 53, 6, '2026-04-06 21:30:11') ,
(257, 67, 10, 91, 15, '2026-02-23 10:35:20') ,
(258, 168, 8, 19, 17, '2026-02-05 20:16:59') ,
(259, 283, 12, 83, 20, '2026-01-15 19:22:53') ,
(260, 72, 9, 93, 8, '2025-12-14 00:52:19') ,
(261, 311, 7, 30, 18, '2026-02-14 06:30:05') ,
(262, 173, 11, 47, 1, '2026-04-01 22:23:11') ,
(263, 47, 4, 5, 13, '2026-02-01 13:27:59') ,
(264, 366, 11, 90, 8, '2026-03-12 12:52:04') ,
(265, 83, 7, 14, 16, '2025-11-06 03:38:10') ,
(266, 371, 11, 71, 8, '2026-01-29 16:48:41') ,
(267, 88, 6, 98, 12, '2026-03-19 01:10:29') ,
(268, 339, 11, 5, 7, '2025-11-27 20:59:42') ,
(269, 61, 8, 64, 19, '2025-12-16 18:15:02') ,
(270, 270, 11, 95, 16, '2025-12-29 00:21:47') ,
(271, 217, 6, 78, 11, '2026-04-07 17:26:11') ,
(272, 27, 10, 55, 6, '2025-10-28 07:44:10') ,
(273, 154, 9, 32, 20, '2025-12-12 04:23:22') ,
(274, 92, 10, 57, 13, '2025-11-17 01:51:47') ,
(275, 398, 7, 78, 5, '2026-03-02 09:59:14') ,
(276, 60, 4, 76, 20, '2026-01-22 00:42:49') ,
(277, 15, 12, 32, 16, '2025-10-24 17:32:07') ,
(278, 326, 11, 87, 18, '2025-10-18 19:19:48') ,
(279, 259, 3, 93, 10, '2026-02-05 07:19:55') ,
(280, 169, 1, 29, 20, '2026-02-19 17:08:12') ,
(281, 115, 12, 54, 2, '2026-03-09 23:46:47') ,
(282, 54, 8, 26, 2, '2026-01-21 13:57:42') ,
(283, 276, 12, 85, 19, '2026-03-27 23:59:08') ,
(284, 222, 7, 74, 15, '2026-04-14 01:11:30') ,
(285, 61, 9, 32, 4, '2026-04-14 11:20:43') ,
(286, 120, 8, 84, 16, '2026-03-03 22:21:48') ,
(287, 97, 12, 10, 3, '2026-03-17 06:30:03') ,
(288, 303, 4, 35, 11, '2025-11-30 18:10:56') ,
(289, 355, 6, 28, 7, '2025-12-13 21:24:27') ,
(290, 166, 8, 53, 3, '2026-03-31 06:52:48') ,
(291, 50, 4, 5, 6, '2025-12-18 11:07:53') ,
(292, 236, 9, 36, 20, '2026-04-08 22:51:00') ,
(293, 297, 11, 6, 15, '2025-11-09 12:41:51') ,
(294, 119, 12, 4, 2, '2025-12-06 14:29:22') ,
(295, 284, 9, 39, 6, '2025-10-29 05:51:14') ,
(296, 17, 5, 2, 3, '2025-12-09 22:34:38') ,
(297, 193, 2, 82, 3, '2026-01-16 02:56:08') ,
(298, 55, 2, 67, 19, '2026-02-25 00:34:25') ,
(299, 221, 11, 64, 5, '2026-04-10 01:23:58') ,
(300, 360, 8, 91, 1, '2026-03-21 04:25:35') ,
(301, 335, 5, 1, 1, '2026-04-02 03:36:09') ,
(302, 236, 11, 23, 3, '2025-12-13 10:26:51') ,
(303, 237, 5, 100, 2, '2026-03-07 20:40:07') ,
(304, 383, 1, 35, 5, '2026-03-19 18:21:47') ,
(305, 174, 2, 53, 4, '2025-11-16 03:24:29') ,
(306, 140, 9, 26, 5, '2026-01-26 12:41:26') ,
(307, 211, 3, 1, 6, '2026-03-27 10:25:50') ,
(308, 26, 11, 3, 1, '2026-02-26 06:33:21') ,
(309, 207, 8, 5, 16, '2026-02-18 05:07:01') ,
(310, 217, 1, 27, 17, '2025-12-22 02:10:59') ,
(311, 192, 6, 30, 6, '2025-12-20 02:40:06') ,
(312, 355, 11, 71, 15, '2025-12-13 01:49:08') ,
(313, 245, 5, 25, 12, '2026-01-06 15:41:07') ,
(314, 313, 2, 80, 2, '2025-12-15 14:23:26') ,
(315, 37, 10, 87, 12, '2025-12-04 13:01:34') ,
(316, 300, 1, 81, 9, '2026-04-13 06:45:10') ,
(317, 363, 7, 98, 15, '2025-10-18 16:39:00') ,
(318, 13, 7, 28, 11, '2026-03-20 01:41:05') ,
(319, 104, 3, 99, 12, '2026-04-09 22:33:43') ,
(320, 184, 12, 12, 8, '2026-04-08 17:26:36') ,
(321, 101, 1, 85, 15, '2025-11-18 18:57:53') ,
(322, 67, 9, 89, 9, '2025-12-03 19:18:05') ,
(323, 104, 4, 99, 14, '2025-12-03 02:12:05') ,
(324, 193, 7, 78, 15, '2026-01-24 17:26:29') ,
(325, 130, 6, 63, 17, '2025-11-24 12:30:07') ,
(326, 220, 9, 3, 16, '2025-12-20 02:21:31') ,
(327, 327, 6, 88, 8, '2026-01-02 12:45:00') ,
(328, 335, 5, 88, 7, '2026-04-10 06:51:48') ,
(329, 318, 6, 49, 17, '2025-12-15 04:55:05') ,
(330, 157, 1, 36, 15, '2025-12-15 02:40:42') ,
(331, 8, 11, 23, 1, '2026-03-01 10:27:01') ,
(332, 361, 12, 55, 2, '2026-02-17 01:20:46') ,
(333, 54, 7, 3, 20, '2026-04-02 17:15:19') ,
(334, 42, 8, 95, 12, '2026-01-15 05:09:37') ,
(335, 307, 5, 25, 9, '2026-02-13 02:19:22') ,
(336, 267, 4, 83, 15, '2025-11-22 03:07:26') ,
(337, 299, 3, 19, 14, '2026-04-08 01:29:19') ,
(338, 178, 6, 56, 4, '2025-12-21 14:28:54') ,
(339, 114, 9, 90, 10, '2026-04-04 19:56:56') ,
(340, 211, 2, 64, 17, '2025-11-13 22:05:15') ,
(341, 36, 2, 94, 4, '2025-12-19 12:10:26') ,
(342, 91, 10, 43, 3, '2026-04-04 05:24:14') ,
(343, 214, 3, 14, 11, '2026-03-01 17:27:26') ,
(344, 207, 2, 44, 2, '2026-04-11 10:17:06') ,
(345, 353, 11, 92, 7, '2026-01-08 16:03:37') ,
(346, 388, 5, 8, 17, '2026-02-19 12:12:42') ,
(347, 289, 9, 50, 4, '2025-11-30 22:57:54') ,
(348, 47, 11, 94, 18, '2026-03-25 12:25:14') ,
(349, 284, 11, 5, 20, '2026-04-14 09:59:48') ,
(350, 6, 2, 98, 17, '2025-12-13 11:46:27') ,
(351, 315, 3, 38, 2, '2026-02-08 17:32:02') ,
(352, 399, 4, 80, 15, '2025-11-14 13:23:06') ,
(353, 85, 7, 54, 16, '2026-02-15 17:14:55') ,
(354, 198, 1, 20, 18, '2025-10-16 20:55:21') ,
(355, 209, 10, 84, 6, '2026-01-12 16:25:10') ,
(356, 276, 6, 28, 15, '2025-10-31 01:42:26') ,
(357, 303, 10, 72, 6, '2025-11-21 18:57:12') ,
(358, 40, 11, 60, 19, '2026-03-08 20:56:04') ,
(359, 321, 6, 86, 14, '2025-12-12 23:12:42') ,
(360, 253, 6, 80, 19, '2025-11-05 12:44:35') ,
(361, 27, 12, 55, 4, '2026-03-30 00:23:27') ,
(362, 36, 2, 39, 11, '2026-03-20 18:07:30') ,
(363, 133, 10, 74, 20, '2026-03-02 17:41:39') ,
(364, 64, 8, 27, 14, '2026-02-03 20:39:04') ,
(365, 145, 12, 87, 11, '2026-04-06 20:50:24') ,
(366, 156, 2, 56, 7, '2025-11-14 18:46:06') ,
(367, 15, 9, 27, 1, '2026-01-28 21:55:51') ,
(368, 186, 5, 53, 3, '2026-03-30 19:26:54') ,
(369, 381, 1, 54, 14, '2025-10-27 21:25:12') ,
(370, 376, 2, 84, 17, '2026-03-31 15:12:49') ,
(371, 292, 12, 100, 13, '2025-10-23 11:51:15') ,
(372, 302, 11, 53, 19, '2026-01-01 10:43:30') ,
(373, 202, 4, 47, 19, '2025-11-17 23:02:46') ,
(374, 174, 10, 76, 14, '2026-01-21 21:11:54') ,
(375, 58, 8, 98, 14, '2026-02-20 12:55:32') ,
(376, 110, 11, 46, 13, '2025-10-21 11:32:17') ,
(377, 142, 2, 61, 9, '2026-01-17 21:42:40') ,
(378, 322, 11, 84, 16, '2025-11-15 21:27:55') ,
(379, 371, 11, 67, 11, '2025-11-06 15:03:33') ,
(380, 361, 4, 4, 19, '2025-11-26 15:48:20') ,
(381, 319, 5, 59, 16, '2026-03-09 15:49:17') ,
(382, 249, 4, 97, 8, '2026-02-12 07:55:25') ,
(383, 192, 7, 36, 11, '2025-12-03 00:50:32') ,
(384, 75, 8, 15, 8, '2025-11-08 16:26:35') ,
(385, 392, 12, 46, 19, '2026-01-11 03:57:55') ,
(386, 87, 8, 71, 18, '2026-03-04 07:22:47') ,
(387, 205, 7, 41, 17, '2026-03-22 10:21:47') ,
(388, 197, 7, 8, 9, '2026-01-04 01:28:22') ,
(389, 16, 3, 98, 4, '2025-12-25 21:02:32') ,
(390, 279, 6, 25, 11, '2026-04-03 01:20:54') ,
(391, 289, 3, 23, 12, '2026-04-02 16:23:38') ,
(392, 122, 8, 48, 20, '2026-02-27 22:27:27') ,
(393, 141, 2, 41, 7, '2026-03-03 21:52:27') ,
(394, 343, 8, 5, 8, '2026-03-02 07:24:43') ,
(395, 91, 11, 60, 13, '2025-12-13 07:38:51') ,
(396, 363, 10, 13, 14, '2026-01-24 14:50:44') ,
(397, 216, 4, 65, 14, '2025-10-21 13:42:04') ,
(398, 328, 9, 22, 2, '2025-11-24 11:22:56') ,
(399, 287, 10, 32, 13, '2026-03-19 11:24:45') ,
(400, 186, 3, 16, 1, '2025-10-28 08:44:04') ,
(401, 341, 5, 64, 20, '2026-03-04 02:40:51') ,
(402, 197, 9, 25, 1, '2026-03-22 05:55:52') ,
(403, 333, 12, 23, 2, '2025-12-18 11:20:54') ,
(404, 52, 9, 74, 2, '2025-11-20 01:14:17') ,
(405, 350, 1, 29, 6, '2026-02-26 02:52:49') ,
(406, 261, 10, 63, 1, '2025-12-30 20:31:59') ,
(407, 350, 10, 67, 1, '2025-11-03 22:20:27') ,
(408, 386, 8, 88, 12, '2026-04-09 07:55:38') ,
(409, 279, 12, 21, 15, '2026-02-22 20:24:06') ,
(410, 118, 5, 25, 11, '2026-01-12 23:33:09') ,
(411, 227, 4, 29, 18, '2026-03-15 08:47:18') ,
(412, 85, 1, 78, 10, '2026-01-20 20:32:52') ,
(413, 214, 4, 22, 16, '2026-03-06 21:21:17') ,
(414, 185, 4, 86, 16, '2025-10-18 00:57:08') ,
(415, 98, 9, 93, 14, '2025-10-29 19:25:51') ,
(416, 52, 7, 100, 2, '2026-04-04 17:52:50') ,
(417, 266, 1, 56, 19, '2025-11-18 16:23:04') ,
(418, 131, 2, 70, 20, '2025-12-09 03:56:05') ,
(419, 363, 5, 99, 14, '2026-01-25 05:26:50') ,
(420, 353, 8, 92, 18, '2026-03-10 23:11:47') ,
(421, 168, 12, 27, 8, '2026-01-13 01:57:19') ,
(422, 169, 2, 23, 8, '2026-02-01 20:24:15') ,
(423, 79, 3, 9, 10, '2026-03-10 07:23:46') ,
(424, 190, 11, 73, 9, '2026-02-12 04:12:24') ,
(425, 277, 1, 47, 12, '2025-12-30 13:06:43') ,
(426, 4, 8, 25, 14, '2025-11-17 09:06:15') ,
(427, 69, 3, 89, 6, '2025-12-25 05:03:11') ,
(428, 185, 9, 53, 12, '2025-12-14 08:27:10') ,
(429, 308, 4, 62, 5, '2025-11-27 17:51:19') ,
(430, 319, 5, 68, 15, '2026-01-27 22:47:18') ,
(431, 334, 8, 21, 1, '2026-02-25 09:27:10') ,
(432, 166, 8, 89, 11, '2026-03-04 02:12:05') ,
(433, 124, 6, 42, 15, '2026-04-04 14:40:50') ,
(434, 224, 4, 75, 1, '2025-12-19 02:08:33') ,
(435, 73, 12, 25, 2, '2026-02-12 10:01:18') ,
(436, 132, 2, 60, 12, '2026-03-12 14:43:32') ,
(437, 82, 5, 72, 1, '2025-11-06 10:44:27') ,
(438, 395, 2, 22, 8, '2026-02-03 06:06:33') ,
(439, 117, 2, 87, 12, '2026-03-07 15:21:24') ,
(440, 293, 2, 63, 19, '2026-01-07 13:20:54') ,
(441, 344, 9, 100, 5, '2026-01-29 13:27:56') ,
(442, 350, 11, 23, 20, '2026-01-27 10:21:01') ,
(443, 3, 3, 29, 14, '2025-11-29 22:51:33') ,
(444, 63, 1, 93, 14, '2026-03-09 17:23:44') ,
(445, 226, 6, 9, 4, '2026-04-12 16:46:46') ,
(446, 229, 8, 43, 10, '2025-11-16 07:13:33') ,
(447, 339, 2, 73, 1, '2025-12-20 20:42:48') ,
(448, 322, 6, 22, 14, '2026-02-08 21:01:28') ,
(449, 328, 3, 69, 17, '2026-01-18 14:04:06') ,
(450, 210, 11, 30, 8, '2026-03-21 04:37:39') ,
(451, 123, 7, 82, 9, '2025-11-06 08:23:57') ,
(452, 348, 1, 12, 3, '2025-10-21 05:28:40') ,
(453, 177, 9, 30, 9, '2025-10-17 21:28:04') ,
(454, 223, 1, 61, 4, '2025-10-20 22:27:49') ,
(455, 155, 10, 61, 5, '2025-11-06 18:41:30') ,
(456, 229, 4, 78, 12, '2026-03-21 10:31:33') ,
(457, 20, 6, 24, 11, '2026-01-09 11:27:12') ,
(458, 71, 11, 36, 10, '2025-11-21 05:26:35') ,
(459, 178, 9, 41, 10, '2026-03-13 03:49:43') ,
(460, 326, 4, 16, 15, '2026-01-02 07:22:36') ,
(461, 223, 9, 58, 16, '2026-04-12 04:05:00') ,
(462, 3, 6, 64, 10, '2026-03-26 20:17:33') ,
(463, 323, 5, 52, 15, '2026-01-30 01:08:46') ,
(464, 222, 4, 29, 14, '2026-01-08 16:25:14') ,
(465, 104, 5, 7, 10, '2025-12-31 06:02:25') ,
(466, 256, 2, 78, 10, '2026-01-15 12:48:32') ,
(467, 266, 5, 22, 2, '2026-03-03 00:04:50') ,
(468, 315, 3, 38, 14, '2025-11-15 07:32:09') ,
(469, 298, 4, 24, 20, '2026-04-11 03:06:23') ,
(470, 184, 5, 16, 8, '2025-10-20 12:42:07') ,
(471, 349, 6, 61, 18, '2026-04-09 06:21:16') ,
(472, 215, 2, 79, 10, '2026-02-06 01:29:07') ,
(473, 352, 11, 99, 9, '2026-04-07 02:24:16') ,
(474, 400, 10, 68, 5, '2025-12-04 18:20:56') ,
(475, 292, 3, 23, 8, '2026-04-10 11:49:50') ,
(476, 97, 3, 98, 15, '2025-12-31 13:26:38') ,
(477, 124, 7, 58, 9, '2025-11-22 10:45:19') ,
(478, 284, 1, 95, 17, '2026-03-14 18:04:10') ,
(479, 331, 6, 13, 14, '2026-03-21 02:23:15') ,
(480, 89, 4, 49, 7, '2026-02-19 04:42:38') ,
(481, 172, 2, 44, 9, '2026-03-10 13:47:54') ,
(482, 260, 12, 20, 9, '2026-02-02 10:49:25') ,
(483, 2, 8, 2, 13, '2026-03-31 10:18:22') ,
(484, 32, 1, 82, 4, '2026-01-05 05:19:11') ,
(485, 253, 7, 42, 15, '2025-10-25 17:16:31') ,
(486, 342, 5, 8, 3, '2026-03-16 01:43:28') ,
(487, 190, 4, 46, 1, '2025-12-02 11:36:19') ,
(488, 58, 6, 94, 6, '2026-04-06 05:32:43') ,
(489, 225, 2, 95, 14, '2025-12-11 03:26:16') ,
(490, 268, 5, 100, 14, '2026-01-19 18:31:35') ,
(491, 341, 10, 100, 11, '2026-03-21 00:23:56') ,
(492, 164, 9, 85, 5, '2026-03-23 21:30:47') ,
(493, 341, 12, 78, 4, '2026-02-07 01:45:39') ,
(494, 28, 8, 97, 9, '2026-02-06 22:12:06') ,
(495, 33, 4, 69, 11, '2026-02-07 12:23:50') ,
(496, 388, 4, 34, 2, '2026-03-04 15:28:44') ,
(497, 329, 7, 46, 16, '2026-03-30 18:29:14') ,
(498, 183, 10, 56, 6, '2026-04-05 05:28:21') ,
(499, 94, 10, 59, 1, '2025-11-13 12:28:02') ,
(500, 82, 6, 30, 2, '2025-10-31 10:54:49') ,
(501, 7, 6, 62, 20, '2026-01-26 09:22:59') ,
(502, 218, 12, 71, 15, '2026-03-01 03:27:00') ,
(503, 149, 8, 79, 14, '2026-02-24 15:23:23') ,
(504, 7, 3, 67, 6, '2026-03-01 09:30:54') ,
(505, 200, 2, 14, 15, '2025-12-26 11:00:02') ,
(506, 152, 11, 23, 2, '2025-12-30 14:57:11') ,
(507, 175, 9, 38, 16, '2026-01-10 07:30:14') ,
(508, 13, 9, 79, 9, '2026-01-03 08:10:38') ,
(509, 113, 8, 30, 11, '2026-02-13 18:18:29') ,
(510, 256, 9, 62, 7, '2025-12-23 16:21:19') ,
(511, 325, 5, 95, 14, '2026-01-27 19:19:25') ,
(512, 166, 6, 32, 14, '2025-11-14 03:16:30') ,
(513, 51, 5, 98, 11, '2025-12-09 22:27:41') ,
(514, 360, 7, 37, 9, '2026-02-22 01:40:26') ,
(515, 186, 9, 83, 8, '2026-02-11 09:44:19') ,
(516, 159, 9, 61, 10, '2025-12-29 05:58:30') ,
(517, 349, 8, 34, 3, '2026-03-04 06:37:03') ,
(518, 169, 12, 21, 9, '2026-02-25 14:08:40') ,
(519, 194, 8, 60, 17, '2026-01-18 15:23:55') ,
(520, 383, 11, 35, 13, '2025-12-12 17:41:39') ,
(521, 175, 2, 52, 1, '2025-11-27 03:19:34') ,
(522, 138, 2, 75, 15, '2025-11-11 01:44:04') ,
(523, 191, 5, 2, 15, '2026-04-09 16:07:36') ,
(524, 346, 7, 37, 10, '2026-03-29 17:45:03') ,
(525, 287, 9, 6, 8, '2026-03-05 07:33:54') ,
(526, 387, 2, 54, 4, '2026-03-05 18:24:20') ,
(527, 223, 3, 85, 1, '2026-04-01 18:42:11') ,
(528, 64, 7, 96, 12, '2025-12-17 16:30:55') ,
(529, 307, 4, 64, 10, '2025-12-26 21:16:59') ,
(530, 6, 9, 99, 6, '2026-01-30 04:04:26') ,
(531, 115, 4, 52, 8, '2026-03-22 16:47:23') ,
(532, 156, 6, 70, 19, '2025-12-14 16:41:36') ,
(533, 50, 1, 46, 12, '2025-10-19 01:07:08') ,
(534, 344, 11, 20, 13, '2026-02-23 10:04:58') ,
(535, 281, 8, 93, 8, '2026-02-27 08:15:42') ,
(536, 221, 8, 13, 12, '2026-04-06 10:48:10') ,
(537, 59, 10, 1, 16, '2026-01-20 16:47:01') ,
(538, 34, 11, 7, 10, '2026-02-02 21:37:30') ,
(539, 144, 4, 83, 3, '2025-11-15 11:17:43') ,
(540, 72, 12, 31, 17, '2026-03-12 12:42:51') ,
(541, 247, 4, 55, 6, '2026-01-30 12:29:11') ,
(542, 397, 6, 44, 1, '2025-10-28 05:07:04') ,
(543, 77, 11, 7, 17, '2026-03-06 10:37:56') ,
(544, 207, 8, 85, 2, '2026-03-16 10:38:30') ,
(545, 36, 4, 76, 16, '2025-12-14 07:01:31') ,
(546, 190, 6, 65, 12, '2025-11-16 17:57:09') ,
(547, 363, 12, 98, 17, '2025-11-16 19:52:50') ,
(548, 89, 3, 14, 3, '2025-11-09 16:47:27') ,
(549, 263, 7, 89, 17, '2025-11-16 21:56:40') ,
(550, 115, 8, 97, 6, '2026-02-04 14:35:04') ,
(551, 346, 9, 78, 15, '2025-12-03 11:45:42') ,
(552, 327, 2, 92, 19, '2025-12-01 12:24:56') ,
(553, 373, 8, 36, 13, '2025-12-02 20:26:47') ,
(554, 17, 8, 80, 13, '2026-01-27 00:08:22') ,
(555, 51, 12, 95, 1, '2026-02-08 12:19:09') ,
(556, 237, 10, 3, 12, '2026-03-26 00:36:21') ,
(557, 184, 5, 90, 18, '2026-02-03 02:07:24') ,
(558, 139, 10, 40, 16, '2025-11-26 07:09:44') ,
(559, 56, 4, 58, 1, '2026-01-19 22:31:31') ,
(560, 381, 7, 50, 3, '2026-01-31 03:56:41') ,
(561, 346, 11, 58, 15, '2026-03-10 06:33:50') ,
(562, 386, 6, 70, 1, '2026-03-07 21:00:03') ,
(563, 118, 6, 54, 9, '2026-04-09 07:25:57') ,
(564, 29, 6, 55, 6, '2025-12-20 01:27:15') ,
(565, 317, 12, 19, 9, '2025-12-20 14:55:00') ,
(566, 117, 9, 31, 17, '2026-01-28 22:00:24') ,
(567, 68, 7, 49, 15, '2026-03-26 00:40:45') ,
(568, 154, 7, 48, 10, '2025-12-05 16:07:57') ,
(569, 89, 9, 71, 1, '2025-10-23 04:30:24') ,
(570, 118, 10, 81, 5, '2026-02-14 22:10:04') ,
(571, 368, 11, 46, 19, '2025-10-20 00:12:17') ,
(572, 102, 1, 75, 15, '2026-01-20 07:31:19') ,
(573, 130, 9, 74, 16, '2026-02-08 15:31:31') ,
(574, 315, 6, 45, 12, '2026-01-08 16:40:19') ,
(575, 155, 12, 23, 15, '2025-11-02 00:50:09') ,
(576, 231, 4, 33, 4, '2026-02-25 10:23:26') ,
(577, 219, 2, 81, 17, '2026-03-08 20:47:01') ,
(578, 156, 1, 8, 17, '2026-01-22 06:50:15') ,
(579, 218, 3, 91, 14, '2025-12-28 07:38:29') ,
(580, 152, 5, 1, 9, '2026-01-12 09:12:37') ,
(581, 136, 8, 86, 2, '2026-02-10 01:40:36') ,
(582, 291, 6, 72, 4, '2026-04-01 19:45:58') ,
(583, 25, 9, 26, 4, '2026-03-07 23:01:44') ,
(584, 369, 5, 25, 10, '2025-11-17 09:16:44') ,
(585, 365, 3, 62, 3, '2026-02-10 02:37:16') ,
(586, 159, 12, 89, 16, '2025-10-25 14:14:19') ,
(587, 192, 11, 53, 3, '2026-01-15 14:01:14') ,
(588, 196, 1, 10, 16, '2026-04-11 02:12:20') ,
(589, 59, 6, 59, 17, '2026-04-04 22:51:54') ,
(590, 308, 4, 49, 4, '2025-12-14 19:32:19') ,
(591, 44, 10, 87, 14, '2026-02-18 22:06:23') ,
(592, 251, 6, 96, 5, '2026-01-24 04:34:42') ,
(593, 189, 12, 89, 20, '2025-10-31 16:13:06') ,
(594, 75, 3, 34, 2, '2026-01-19 08:24:34') ,
(595, 5, 3, 90, 11, '2025-10-31 20:23:02') ,
(596, 314, 1, 17, 17, '2026-02-04 03:38:48') ,
(597, 326, 1, 12, 17, '2026-03-19 00:43:46') ,
(598, 226, 10, 2, 1, '2026-02-10 07:57:31') ,
(599, 209, 12, 77, 19, '2026-03-10 15:39:25') ,
(600, 215, 6, 49, 10, '2025-11-13 01:34:32') ,
(601, 399, 8, 14, 20, '2026-03-11 20:05:46') ,
(602, 223, 4, 32, 15, '2026-03-03 11:50:53') ,
(603, 265, 9, 2, 2, '2025-12-20 00:47:25') ,
(604, 160, 7, 56, 9, '2026-03-17 04:18:46') ,
(605, 59, 7, 58, 1, '2025-11-24 20:35:03') ,
(606, 40, 1, 69, 5, '2026-04-05 19:05:51') ,
(607, 221, 4, 52, 13, '2025-11-05 04:13:19') ,
(608, 361, 3, 74, 11, '2026-02-17 11:16:07') ,
(609, 193, 5, 97, 17, '2026-01-18 12:53:13') ,
(610, 292, 4, 80, 16, '2026-01-05 03:36:34') ,
(611, 185, 3, 25, 7, '2026-02-03 08:49:20') ,
(612, 142, 2, 65, 5, '2026-04-10 11:27:02') ,
(613, 339, 4, 48, 13, '2025-12-30 14:17:22') ,
(614, 236, 5, 90, 6, '2025-10-27 10:48:50') ,
(615, 13, 2, 94, 17, '2025-12-30 04:46:51') ,
(616, 42, 1, 27, 18, '2025-11-28 16:45:27') ,
(617, 265, 10, 6, 18, '2025-11-26 09:03:26') ,
(618, 122, 2, 31, 15, '2025-11-06 14:51:48') ,
(619, 95, 6, 56, 15, '2025-12-31 02:37:12') ,
(620, 332, 1, 80, 4, '2026-01-25 20:28:25') ,
(621, 275, 6, 78, 7, '2026-02-22 16:38:45') ,
(622, 24, 9, 31, 9, '2025-11-01 08:42:19') ,
(623, 100, 4, 32, 1, '2025-11-21 08:38:14') ,
(624, 258, 5, 27, 9, '2026-02-24 17:23:27') ,
(625, 310, 7, 5, 18, '2025-11-25 21:04:39') ,
(626, 261, 2, 30, 12, '2026-03-06 14:44:28') ,
(627, 331, 6, 34, 2, '2026-04-09 07:08:27') ,
(628, 229, 5, 93, 5, '2026-02-22 22:52:51') ,
(629, 101, 5, 74, 6, '2025-12-07 08:14:34') ,
(630, 292, 9, 6, 19, '2025-12-29 08:22:09') ,
(631, 244, 1, 44, 11, '2025-11-27 05:44:44') ,
(632, 165, 5, 24, 14, '2025-10-19 07:32:05') ,
(633, 113, 1, 98, 12, '2026-01-21 19:15:47') ,
(634, 27, 11, 54, 19, '2025-11-26 00:31:15') ,
(635, 357, 1, 56, 10, '2025-11-20 03:07:21') ,
(636, 280, 4, 13, 14, '2025-12-16 01:00:59') ,
(637, 42, 10, 30, 13, '2026-01-03 13:43:12') ,
(638, 23, 7, 31, 12, '2025-12-11 17:43:55') ,
(639, 249, 10, 12, 5, '2026-04-05 10:40:10') ,
(640, 321, 5, 38, 6, '2026-02-21 21:08:15') ,
(641, 181, 3, 21, 20, '2025-11-07 15:08:25') ,
(642, 157, 4, 40, 12, '2026-03-24 11:28:57') ,
(643, 187, 6, 44, 8, '2025-12-03 21:25:46') ,
(644, 21, 8, 24, 8, '2025-11-07 23:09:45') ,
(645, 259, 9, 69, 5, '2026-01-06 04:21:31') ,
(646, 322, 8, 82, 16, '2026-04-03 17:40:59') ,
(647, 47, 7, 87, 7, '2026-03-06 18:38:23') ,
(648, 82, 2, 9, 6, '2025-11-23 23:43:03') ,
(649, 232, 9, 42, 3, '2025-12-24 22:57:28') ,
(650, 187, 3, 99, 5, '2026-03-26 01:17:58') ,
(651, 152, 5, 45, 6, '2025-11-16 19:46:04') ,
(652, 205, 9, 31, 9, '2026-03-01 20:58:11') ,
(653, 49, 11, 81, 10, '2026-01-29 08:28:23') ,
(654, 257, 8, 27, 3, '2025-11-10 03:20:21') ,
(655, 352, 10, 91, 8, '2025-11-16 00:49:11') ,
(656, 63, 2, 83, 1, '2025-11-05 10:29:41') ,
(657, 300, 9, 69, 1, '2025-12-13 01:38:00') ,
(658, 218, 6, 94, 9, '2026-02-06 12:14:47') ,
(659, 216, 10, 28, 18, '2026-03-21 15:17:33') ,
(660, 129, 12, 83, 9, '2026-03-11 10:53:01') ,
(661, 13, 6, 42, 5, '2025-12-09 10:48:48') ,
(662, 207, 12, 50, 7, '2026-03-06 10:14:26') ,
(663, 260, 10, 54, 13, '2026-03-04 03:25:34') ,
(664, 343, 9, 88, 4, '2025-11-11 08:21:01') ,
(665, 90, 12, 93, 18, '2025-12-23 04:19:25') ,
(666, 345, 6, 48, 2, '2026-02-28 22:55:57') ,
(667, 209, 3, 88, 4, '2025-11-23 16:12:09') ,
(668, 152, 10, 6, 20, '2025-11-03 03:25:25') ,
(669, 304, 11, 91, 19, '2026-02-20 19:19:17') ,
(670, 279, 6, 89, 8, '2026-01-22 21:05:15') ,
(671, 173, 4, 1, 2, '2026-02-13 18:55:53') ,
(672, 167, 11, 13, 2, '2026-03-05 21:23:25') ,
(673, 299, 2, 12, 10, '2025-10-25 06:03:20') ,
(674, 123, 2, 69, 6, '2025-10-17 23:58:46') ,
(675, 39, 5, 95, 7, '2026-02-26 04:26:02') ,
(676, 165, 11, 56, 1, '2025-12-27 08:21:25') ,
(677, 135, 1, 45, 6, '2026-01-25 09:25:43') ,
(678, 243, 2, 78, 6, '2025-12-27 20:27:03') ,
(679, 305, 11, 87, 18, '2026-03-17 16:15:48') ,
(680, 317, 8, 75, 7, '2026-04-08 18:58:44') ,
(681, 196, 8, 41, 13, '2025-12-02 00:30:51') ,
(682, 238, 10, 21, 7, '2026-01-26 19:19:31') ,
(683, 275, 10, 21, 20, '2025-11-28 05:12:32') ,
(684, 285, 8, 48, 15, '2025-10-24 02:45:05') ,
(685, 335, 2, 15, 20, '2025-10-29 12:21:52') ,
(686, 104, 1, 11, 9, '2026-02-17 09:59:39') ,
(687, 374, 3, 41, 17, '2025-12-29 01:28:49') ,
(688, 308, 8, 72, 8, '2026-02-23 02:05:36') ,
(689, 361, 4, 52, 18, '2026-02-25 07:02:16') ,
(690, 368, 5, 51, 19, '2026-03-23 21:17:24') ,
(691, 91, 7, 63, 3, '2026-03-02 06:00:36') ,
(692, 281, 5, 71, 8, '2025-12-27 23:12:49') ,
(693, 17, 1, 88, 16, '2026-03-07 04:29:11') ,
(694, 380, 9, 13, 18, '2026-02-05 23:24:34') ,
(695, 40, 3, 1, 9, '2025-12-05 16:25:39') ,
(696, 36, 11, 33, 15, '2026-02-04 07:00:05') ,
(697, 185, 1, 81, 9, '2025-10-31 17:06:44') ,
(698, 5, 1, 58, 6, '2026-03-07 19:48:04') ,
(699, 253, 4, 90, 8, '2025-12-27 14:50:17') ,
(700, 66, 3, 44, 13, '2026-03-17 14:07:59') ,
(701, 143, 10, 87, 18, '2025-12-18 23:00:24') ,
(702, 171, 7, 57, 6, '2026-02-23 01:55:30') ,
(703, 224, 10, 99, 18, '2025-10-28 14:38:45') ,
(704, 78, 1, 35, 4, '2026-03-05 06:44:31') ,
(705, 322, 5, 57, 7, '2026-01-25 09:30:16') ,
(706, 110, 4, 40, 9, '2025-11-03 01:28:52') ,
(707, 267, 6, 43, 17, '2026-02-20 10:47:16') ,
(708, 223, 3, 41, 12, '2025-10-21 00:50:25') ,
(709, 201, 7, 34, 5, '2025-12-05 12:41:36') ,
(710, 394, 11, 27, 11, '2026-01-18 03:43:12') ,
(711, 263, 6, 83, 16, '2026-01-15 01:46:06') ,
(712, 102, 11, 47, 20, '2025-12-11 06:33:46') ,
(713, 45, 1, 25, 17, '2026-04-08 09:21:52') ,
(714, 53, 11, 29, 20, '2025-11-22 00:25:50') ,
(715, 388, 2, 36, 18, '2026-01-16 00:24:36') ,
(716, 309, 5, 55, 3, '2026-01-18 05:29:05') ,
(717, 69, 12, 74, 12, '2025-12-24 08:31:17') ,
(718, 234, 4, 89, 9, '2025-12-27 19:12:27') ,
(719, 34, 3, 56, 15, '2026-03-04 23:36:38') ,
(720, 220, 11, 86, 14, '2025-12-29 18:44:41') ,
(721, 273, 1, 77, 4, '2026-03-21 05:21:40') ,
(722, 20, 9, 74, 3, '2025-12-18 09:11:25') ,
(723, 298, 9, 75, 18, '2026-03-10 13:43:40') ,
(724, 295, 9, 100, 11, '2025-12-10 22:23:17') ,
(725, 325, 6, 85, 6, '2026-02-14 16:09:48') ,
(726, 271, 3, 84, 20, '2026-03-15 14:55:31') ,
(727, 270, 7, 15, 10, '2026-02-01 15:06:47') ,
(728, 141, 11, 17, 16, '2025-12-15 18:46:01') ,
(729, 317, 5, 18, 10, '2025-10-29 23:56:10') ,
(730, 157, 10, 55, 12, '2025-12-13 09:18:06') ,
(731, 137, 2, 69, 14, '2025-11-12 12:02:38') ,
(732, 162, 12, 27, 14, '2026-01-30 14:29:38') ,
(733, 167, 5, 61, 17, '2026-03-14 10:22:52') ,
(734, 142, 11, 16, 5, '2026-03-14 14:31:46') ,
(735, 6, 10, 95, 5, '2026-04-06 05:26:05') ,
(736, 395, 12, 2, 20, '2026-01-01 14:30:00') ,
(737, 109, 4, 90, 7, '2026-01-04 06:32:28') ,
(738, 111, 8, 36, 15, '2026-04-05 11:53:48') ,
(739, 374, 11, 98, 9, '2025-11-13 22:26:14') ,
(740, 319, 8, 46, 17, '2026-03-27 17:07:29') ,
(741, 204, 10, 40, 15, '2025-12-28 19:58:32') ,
(742, 235, 3, 56, 12, '2026-03-10 02:55:13') ,
(743, 33, 7, 8, 10, '2026-03-16 10:07:18') ,
(744, 45, 7, 23, 20, '2025-10-23 10:23:03') ,
(745, 308, 10, 98, 7, '2025-11-20 07:12:22') ,
(746, 310, 7, 22, 4, '2025-12-04 17:59:08') ,
(747, 45, 10, 22, 17, '2026-02-16 21:23:52') ,
(748, 3, 4, 75, 11, '2026-02-25 22:16:44') ,
(749, 74, 9, 92, 9, '2025-10-20 01:44:13') ,
(750, 241, 8, 18, 19, '2026-01-27 02:12:15') ,
(751, 369, 10, 81, 8, '2025-12-14 15:10:34') ,
(752, 251, 2, 62, 10, '2025-11-10 06:52:01') ,
(753, 162, 11, 39, 4, '2025-11-22 00:30:32') ,
(754, 106, 11, 61, 1, '2026-03-04 03:39:36') ,
(755, 30, 2, 84, 16, '2025-11-01 15:44:33') ,
(756, 42, 11, 95, 6, '2026-02-11 15:46:23') ,
(757, 172, 6, 35, 10, '2026-01-09 08:10:59') ,
(758, 81, 11, 86, 9, '2025-11-03 21:59:06') ,
(759, 180, 2, 47, 15, '2026-03-27 02:53:20') ,
(760, 182, 10, 31, 13, '2025-12-27 18:23:23') ,
(761, 122, 7, 84, 7, '2026-01-21 11:33:52') ,
(762, 305, 12, 15, 6, '2026-03-25 02:39:56') ,
(763, 376, 6, 79, 17, '2026-02-07 16:28:41') ,
(764, 38, 2, 72, 7, '2025-10-22 03:42:01') ,
(765, 89, 6, 70, 20, '2026-01-10 00:51:22') ,
(766, 230, 8, 98, 13, '2025-11-06 13:32:15') ,
(767, 222, 8, 43, 16, '2025-11-30 17:31:22') ,
(768, 84, 11, 33, 8, '2025-12-21 03:16:43') ,
(769, 53, 10, 4, 1, '2026-02-04 15:56:35') ,
(770, 365, 4, 1, 5, '2025-11-28 23:04:18') ,
(771, 52, 10, 40, 20, '2026-02-28 01:21:18') ,
(772, 349, 5, 52, 1, '2025-10-25 10:37:03') ,
(773, 238, 12, 57, 16, '2025-10-19 22:04:20') ,
(774, 351, 3, 55, 14, '2025-12-04 12:46:08') ,
(775, 295, 1, 93, 17, '2025-11-04 21:40:21') ,
(776, 350, 3, 30, 12, '2026-02-03 10:30:40') ,
(777, 214, 5, 54, 18, '2026-02-06 06:27:39') ,
(778, 156, 7, 92, 4, '2026-04-12 01:42:40') ,
(779, 69, 4, 6, 1, '2026-02-27 06:52:11') ,
(780, 130, 7, 24, 13, '2026-04-07 07:55:10') ,
(781, 306, 11, 20, 13, '2026-03-21 08:21:30') ,
(782, 322, 12, 17, 12, '2026-03-04 05:12:56') ,
(783, 43, 5, 39, 4, '2025-11-21 01:16:32') ,
(784, 71, 9, 85, 4, '2025-11-15 01:36:08') ,
(785, 380, 2, 93, 3, '2026-04-13 05:08:10') ,
(786, 68, 2, 98, 7, '2026-01-23 06:00:59') ,
(787, 181, 2, 31, 8, '2026-02-26 18:22:10') ,
(788, 306, 1, 31, 1, '2025-12-24 09:02:53') ,
(789, 22, 11, 36, 13, '2026-03-08 08:58:14') ,
(790, 242, 9, 98, 20, '2025-11-25 11:32:54') ,
(791, 299, 1, 94, 3, '2026-03-12 16:49:42') ,
(792, 382, 9, 7, 10, '2025-12-04 07:24:13') ,
(793, 221, 10, 11, 2, '2025-12-15 22:07:11') ,
(794, 196, 12, 1, 9, '2026-02-04 06:29:45') ,
(795, 121, 2, 89, 9, '2025-12-11 22:48:38') ,
(796, 149, 12, 64, 10, '2025-10-22 06:13:03') ,
(797, 193, 12, 6, 1, '2026-01-05 02:55:15') ,
(798, 274, 6, 77, 5, '2025-10-27 16:04:45') ,
(799, 359, 6, 62, 2, '2026-01-24 15:26:36') ,
(800, 226, 5, 89, 6, '2025-12-13 07:48:27') ,
(801, 230, 6, 35, 11, '2025-12-14 01:02:42') ,
(802, 280, 11, 3, 9, '2026-03-05 04:03:28') ,
(803, 309, 5, 70, 18, '2025-11-11 08:26:45') ,
(804, 34, 1, 73, 16, '2026-01-16 16:22:52') ,
(805, 112, 3, 77, 6, '2025-10-26 20:54:13') ,
(806, 379, 3, 59, 7, '2025-10-28 23:52:29') ,
(807, 275, 9, 94, 4, '2025-12-25 19:49:24') ,
(808, 339, 4, 39, 8, '2026-01-19 21:42:54') ,
(809, 192, 2, 1, 19, '2025-12-29 07:33:22') ,
(810, 36, 6, 15, 8, '2025-11-16 21:07:24') ,
(811, 244, 2, 74, 2, '2025-12-27 14:48:48') ,
(812, 11, 9, 88, 18, '2025-12-19 09:16:18') ,
(813, 298, 2, 17, 5, '2026-03-03 21:17:28') ,
(814, 142, 5, 89, 7, '2025-10-23 11:41:57') ,
(815, 80, 12, 80, 10, '2025-12-29 13:17:20') ,
(816, 336, 12, 88, 18, '2026-02-09 19:16:40') ,
(817, 277, 8, 35, 18, '2026-02-20 21:56:40') ,
(818, 122, 3, 22, 1, '2026-01-04 12:47:42') ,
(819, 306, 4, 36, 15, '2026-04-02 19:42:07') ,
(820, 44, 3, 9, 2, '2026-02-01 09:36:15') ,
(821, 369, 11, 98, 20, '2026-02-02 13:44:29') ,
(822, 119, 5, 88, 5, '2026-03-27 09:16:31') ,
(823, 191, 6, 42, 8, '2026-01-02 01:48:23') ,
(824, 62, 11, 6, 7, '2026-02-06 03:30:14') ,
(825, 54, 12, 20, 5, '2026-03-27 16:50:53') ,
(826, 96, 7, 24, 19, '2026-03-13 08:12:56') ,
(827, 387, 5, 32, 1, '2025-10-19 16:45:10') ,
(828, 53, 3, 35, 19, '2026-02-15 20:21:02') ,
(829, 376, 7, 63, 4, '2025-12-26 02:01:07') ,
(830, 350, 2, 44, 6, '2026-01-26 00:37:47') ,
(831, 311, 5, 42, 3, '2025-11-01 23:22:32') ,
(832, 292, 3, 98, 20, '2025-11-23 07:57:21') ,
(833, 11, 3, 95, 8, '2025-10-17 12:05:21') ,
(834, 75, 6, 52, 17, '2025-11-05 23:22:26') ,
(835, 55, 10, 14, 1, '2026-03-31 08:01:31') ,
(836, 221, 11, 56, 6, '2025-11-29 05:49:43') ,
(837, 98, 12, 33, 14, '2026-02-05 02:59:27') ,
(838, 22, 5, 56, 8, '2026-01-07 09:03:55') ,
(839, 242, 1, 82, 12, '2026-02-26 07:07:08') ,
(840, 391, 3, 98, 1, '2025-12-26 13:33:56') ,
(841, 229, 3, 74, 15, '2025-11-12 02:34:14') ,
(842, 191, 4, 94, 20, '2025-12-03 04:49:50') ,
(843, 1, 1, 88, 10, '2025-12-04 18:31:43') ,
(844, 260, 2, 89, 9, '2025-12-01 14:33:18') ,
(845, 391, 2, 49, 15, '2026-01-27 09:27:09') ,
(846, 114, 12, 75, 18, '2026-01-24 19:12:24') ,
(847, 37, 10, 34, 1, '2026-01-16 20:11:18') ,
(848, 353, 11, 31, 1, '2026-01-28 23:39:14') ,
(849, 250, 12, 81, 3, '2026-01-09 02:51:02') ,
(850, 212, 6, 30, 14, '2026-01-15 13:47:54') ,
(851, 136, 5, 51, 20, '2025-10-26 20:38:01') ,
(852, 327, 7, 12, 7, '2025-11-20 07:54:12') ,
(853, 12, 2, 17, 12, '2026-02-23 13:24:53') ,
(854, 190, 1, 89, 20, '2026-01-19 15:51:57') ,
(855, 370, 1, 41, 9, '2025-12-12 12:22:13') ,
(856, 56, 8, 87, 13, '2026-02-25 12:27:37') ,
(857, 309, 11, 60, 6, '2025-12-22 03:15:43') ,
(858, 63, 5, 30, 10, '2026-01-12 17:39:28') ,
(859, 46, 12, 25, 19, '2026-01-26 12:52:42') ,
(860, 27, 2, 95, 1, '2025-11-02 01:27:48') ,
(861, 368, 3, 7, 19, '2025-11-12 00:16:49') ,
(862, 209, 8, 52, 5, '2026-03-28 13:58:09') ,
(863, 207, 3, 88, 16, '2026-03-01 11:49:53') ,
(864, 377, 3, 63, 14, '2025-12-26 09:58:19') ,
(865, 199, 3, 85, 14, '2026-01-25 04:20:58') ,
(866, 268, 8, 14, 2, '2026-03-11 19:54:25') ,
(867, 398, 4, 17, 1, '2026-01-17 12:39:08') ,
(868, 339, 1, 62, 19, '2026-01-07 00:51:29') ,
(869, 210, 11, 40, 16, '2026-01-11 23:56:27') ,
(870, 234, 4, 8, 5, '2026-03-29 16:51:19') ,
(871, 363, 6, 8, 3, '2026-03-04 11:04:01') ,
(872, 369, 6, 50, 16, '2025-12-01 07:08:03') ,
(873, 69, 3, 13, 19, '2026-03-30 05:23:49') ,
(874, 145, 5, 2, 11, '2025-12-08 05:06:26') ,
(875, 373, 4, 18, 19, '2025-12-15 22:34:53') ,
(876, 116, 4, 5, 7, '2026-02-05 15:16:17') ,
(877, 132, 12, 26, 14, '2025-12-20 09:42:14') ,
(878, 148, 1, 2, 10, '2025-12-02 11:23:57') ,
(879, 142, 7, 59, 18, '2026-02-07 05:03:29') ,
(880, 195, 11, 53, 8, '2026-01-28 22:12:40') ,
(881, 285, 6, 10, 18, '2026-01-22 19:57:28') ,
(882, 218, 10, 14, 1, '2025-12-06 03:52:55') ,
(883, 16, 12, 62, 8, '2026-01-04 22:03:51') ,
(884, 349, 5, 7, 2, '2025-10-21 18:22:47') ,
(885, 303, 11, 61, 15, '2026-03-17 09:24:04') ,
(886, 117, 7, 54, 1, '2026-04-13 12:41:13') ,
(887, 226, 12, 36, 6, '2026-03-25 04:22:50') ,
(888, 172, 2, 59, 6, '2026-02-11 20:23:10') ,
(889, 163, 4, 32, 12, '2026-03-11 16:14:16') ,
(890, 65, 9, 23, 11, '2026-02-19 15:39:41') ,
(891, 6, 8, 90, 19, '2026-02-04 15:48:37') ,
(892, 299, 11, 50, 10, '2025-11-13 01:43:07') ,
(893, 309, 3, 36, 20, '2026-01-02 23:03:08') ,
(894, 51, 12, 38, 19, '2026-02-07 11:19:15') ,
(895, 377, 4, 17, 17, '2026-02-13 08:09:15') ,
(896, 362, 9, 28, 14, '2025-10-17 04:13:40') ,
(897, 151, 11, 47, 10, '2025-10-19 09:53:56') ,
(898, 288, 3, 69, 9, '2025-12-08 09:09:00') ,
(899, 240, 10, 38, 15, '2025-11-24 11:17:26') ,
(900, 234, 8, 69, 19, '2026-03-29 19:27:40') ;

-- 4. SCALED CAMP LOGS (+220)
INSERT INTO CAMP_LOGS (log_id, camp_id, event_type, description, log_timestamp) VALUES
(31, 2, 'Mass_Arrival', 'Batch Entry: Mass Arrival', '2026-04-10 00:50:06') ,
(32, 15, 'Mass_Arrival', 'Batch Entry: Mass Arrival', '2025-11-02 19:56:47') ,
(33, 13, 'Occupancy_Update', 'Batch Entry: Occupancy Update', '2025-12-04 19:46:51') ,
(34, 6, 'Mass_Arrival', 'Batch Entry: Mass Arrival', '2026-02-01 09:03:38') ,
(35, 10, 'Supply_Arrival', 'Batch Entry: Supply Arrival', '2026-03-25 09:30:47') ,
(36, 1, 'Supply_Arrival', 'Batch Entry: Supply Arrival', '2025-12-18 03:55:31') ,
(37, 10, 'Status_Report', 'Batch Entry: Status Report', '2025-12-30 11:27:13') ,
(38, 6, 'Status_Report', 'Batch Entry: Status Report', '2026-01-28 23:45:48') ,
(39, 11, 'Mass_Arrival', 'Batch Entry: Mass Arrival', '2025-11-02 08:55:12') ,
(40, 11, 'Health_Check', 'Batch Entry: Health Check', '2026-03-07 21:22:36') ,
(41, 8, 'Occupancy_Update', 'Batch Entry: Occupancy Update', '2026-01-26 20:22:15') ,
(42, 3, 'Occupancy_Update', 'Batch Entry: Occupancy Update', '2026-03-15 13:00:16') ,
(43, 11, 'Volunteer_Training', 'Batch Entry: Volunteer Training', '2026-02-13 12:55:20') ,
(44, 4, 'Health_Check', 'Batch Entry: Health Check', '2025-12-23 01:31:45') ,
(45, 8, 'Safety_Drill', 'Batch Entry: Safety Drill', '2026-02-16 23:22:53') ,
(46, 12, 'Mass_Arrival', 'Batch Entry: Mass Arrival', '2026-03-04 15:30:44') ,
(47, 15, 'Occupancy_Update', 'Batch Entry: Occupancy Update', '2026-03-29 20:48:13') ,
(48, 3, 'Safety_Drill', 'Batch Entry: Safety Drill', '2025-10-23 15:18:07') ,
(49, 10, 'Coordination_Meeting', 'Batch Entry: Coordination Meeting', '2026-03-20 01:32:01') ,
(50, 12, 'Safety_Drill', 'Batch Entry: Safety Drill', '2026-01-11 21:15:19') ,
(51, 1, 'Status_Report', 'Batch Entry: Status Report', '2025-11-18 21:27:08') ,
(52, 4, 'Status_Report', 'Batch Entry: Status Report', '2026-01-26 10:07:10') ,
(53, 13, 'Safety_Drill', 'Batch Entry: Safety Drill', '2026-01-22 20:42:08') ,
(54, 5, 'Mass_Arrival', 'Batch Entry: Mass Arrival', '2026-03-16 03:47:07') ,
(55, 13, 'Occupancy_Update', 'Batch Entry: Occupancy Update', '2026-02-15 11:13:00') ,
(56, 3, 'Status_Report', 'Batch Entry: Status Report', '2025-10-28 05:53:53') ,
(57, 12, 'Supply_Arrival', 'Batch Entry: Supply Arrival', '2026-04-04 07:15:10') ,
(58, 10, 'Status_Report', 'Batch Entry: Status Report', '2025-12-31 04:43:42') ,
(59, 3, 'Health_Check', 'Batch Entry: Health Check', '2026-02-14 23:34:35') ,
(60, 14, 'Occupancy_Update', 'Batch Entry: Occupancy Update', '2026-02-16 22:41:32') ,
(61, 4, 'Supply_Arrival', 'Batch Entry: Supply Arrival', '2025-11-05 12:55:18') ,
(62, 15, 'Occupancy_Update', 'Batch Entry: Occupancy Update', '2026-03-27 01:03:34') ,
(63, 11, 'Status_Report', 'Batch Entry: Status Report', '2026-01-20 18:03:17') ,
(64, 9, 'Safety_Drill', 'Batch Entry: Safety Drill', '2026-02-04 04:15:42') ,
(65, 2, 'Occupancy_Update', 'Batch Entry: Occupancy Update', '2026-01-23 14:03:23') ,
(66, 11, 'Health_Check', 'Batch Entry: Health Check', '2026-03-03 10:31:23') ,
(67, 10, 'Safety_Drill', 'Batch Entry: Safety Drill', '2026-01-28 14:37:30') ,
(68, 11, 'Supply_Arrival', 'Batch Entry: Supply Arrival', '2025-11-21 05:41:44') ,
(69, 4, 'Status_Report', 'Batch Entry: Status Report', '2025-12-08 13:34:09') ,
(70, 3, 'Supply_Arrival', 'Batch Entry: Supply Arrival', '2026-03-02 21:02:47') ,
(71, 3, 'Occupancy_Update', 'Batch Entry: Occupancy Update', '2025-12-10 09:19:29') ,
(72, 12, 'Health_Check', 'Batch Entry: Health Check', '2025-11-30 23:18:28') ,
(73, 9, 'Mass_Arrival', 'Batch Entry: Mass Arrival', '2026-04-02 19:40:59') ,
(74, 10, 'Safety_Drill', 'Batch Entry: Safety Drill', '2026-01-10 12:33:00') ,
(75, 8, 'Occupancy_Update', 'Batch Entry: Occupancy Update', '2026-01-04 21:37:19') ,
(76, 12, 'Mass_Arrival', 'Batch Entry: Mass Arrival', '2026-01-10 02:55:38') ,
(77, 7, 'Supply_Arrival', 'Batch Entry: Supply Arrival', '2026-01-13 19:14:09') ,
(78, 3, 'Occupancy_Update', 'Batch Entry: Occupancy Update', '2025-12-17 02:27:29') ,
(79, 11, 'Supply_Arrival', 'Batch Entry: Supply Arrival', '2026-01-04 01:42:38') ,
(80, 10, 'Supply_Arrival', 'Batch Entry: Supply Arrival', '2025-12-23 08:10:00') ,
(81, 4, 'Health_Check', 'Batch Entry: Health Check', '2026-02-17 14:19:29') ,
(82, 9, 'Supply_Arrival', 'Batch Entry: Supply Arrival', '2026-04-08 01:37:58') ,
(83, 4, 'Supply_Arrival', 'Batch Entry: Supply Arrival', '2026-03-26 15:21:56') ,
(84, 5, 'Supply_Arrival', 'Batch Entry: Supply Arrival', '2025-12-08 12:15:35') ,
(85, 6, 'Safety_Drill', 'Batch Entry: Safety Drill', '2025-12-02 19:40:30') ,
(86, 1, 'Mass_Arrival', 'Batch Entry: Mass Arrival', '2025-12-15 19:54:12') ,
(87, 14, 'Safety_Drill', 'Batch Entry: Safety Drill', '2026-04-06 11:15:09') ,
(88, 10, 'Status_Report', 'Batch Entry: Status Report', '2026-02-08 17:29:35') ,
(89, 2, 'Supply_Arrival', 'Batch Entry: Supply Arrival', '2026-02-13 04:06:34') ,
(90, 11, 'Safety_Drill', 'Batch Entry: Safety Drill', '2026-03-30 21:59:23') ,
(91, 4, 'Health_Check', 'Batch Entry: Health Check', '2025-10-31 22:55:30') ,
(92, 1, 'Mass_Arrival', 'Batch Entry: Mass Arrival', '2026-02-19 15:10:34') ,
(93, 15, 'Safety_Drill', 'Batch Entry: Safety Drill', '2025-11-16 13:43:14') ,
(94, 14, 'Volunteer_Training', 'Batch Entry: Volunteer Training', '2026-01-19 06:29:41') ,
(95, 4, 'Volunteer_Training', 'Batch Entry: Volunteer Training', '2026-02-08 20:28:25') ,
(96, 9, 'Occupancy_Update', 'Batch Entry: Occupancy Update', '2026-04-06 08:30:36') ,
(97, 13, 'Safety_Drill', 'Batch Entry: Safety Drill', '2025-12-12 13:22:53') ,
(98, 13, 'Volunteer_Training', 'Batch Entry: Volunteer Training', '2025-11-20 03:09:13') ,
(99, 12, 'Status_Report', 'Batch Entry: Status Report', '2025-11-06 14:56:10') ,
(100, 11, 'Volunteer_Training', 'Batch Entry: Volunteer Training', '2025-11-28 08:27:31') ,
(101, 1, 'Status_Report', 'Batch Entry: Status Report', '2025-12-14 23:26:06') ,
(102, 6, 'Mass_Arrival', 'Batch Entry: Mass Arrival', '2025-12-08 12:02:40') ,
(103, 13, 'Volunteer_Training', 'Batch Entry: Volunteer Training', '2025-10-20 07:17:10') ,
(104, 12, 'Status_Report', 'Batch Entry: Status Report', '2025-10-26 04:36:50') ,
(105, 6, 'Occupancy_Update', 'Batch Entry: Occupancy Update', '2025-11-01 01:29:42') ,
(106, 4, 'Coordination_Meeting', 'Batch Entry: Coordination Meeting', '2025-12-16 01:28:33') ,
(107, 12, 'Coordination_Meeting', 'Batch Entry: Coordination Meeting', '2026-03-10 17:48:06') ,
(108, 8, 'Supply_Arrival', 'Batch Entry: Supply Arrival', '2026-03-24 18:48:26') ,
(109, 8, 'Supply_Arrival', 'Batch Entry: Supply Arrival', '2026-02-21 05:41:40') ,
(110, 7, 'Status_Report', 'Batch Entry: Status Report', '2026-02-26 06:07:44') ,
(111, 13, 'Volunteer_Training', 'Batch Entry: Volunteer Training', '2026-03-07 04:57:11') ,
(112, 12, 'Supply_Arrival', 'Batch Entry: Supply Arrival', '2025-12-31 09:33:27') ,
(113, 14, 'Supply_Arrival', 'Batch Entry: Supply Arrival', '2025-11-01 19:56:04') ,
(114, 13, 'Coordination_Meeting', 'Batch Entry: Coordination Meeting', '2026-01-05 12:57:33') ,
(115, 3, 'Supply_Arrival', 'Batch Entry: Supply Arrival', '2025-10-30 05:54:52') ,
(116, 4, 'Occupancy_Update', 'Batch Entry: Occupancy Update', '2025-11-01 11:18:02') ,
(117, 5, 'Mass_Arrival', 'Batch Entry: Mass Arrival', '2026-04-05 04:13:02') ,
(118, 4, 'Coordination_Meeting', 'Batch Entry: Coordination Meeting', '2025-11-22 19:27:27') ,
(119, 14, 'Mass_Arrival', 'Batch Entry: Mass Arrival', '2025-11-09 13:05:26') ,
(120, 3, 'Occupancy_Update', 'Batch Entry: Occupancy Update', '2026-02-08 17:29:14') ,
(121, 6, 'Safety_Drill', 'Batch Entry: Safety Drill', '2025-11-03 03:39:18') ,
(122, 10, 'Health_Check', 'Batch Entry: Health Check', '2026-04-08 18:07:02') ,
(123, 2, 'Mass_Arrival', 'Batch Entry: Mass Arrival', '2026-01-17 22:37:24') ,
(124, 5, 'Health_Check', 'Batch Entry: Health Check', '2026-04-04 06:36:12') ,
(125, 7, 'Status_Report', 'Batch Entry: Status Report', '2025-12-09 09:29:02') ,
(126, 2, 'Mass_Arrival', 'Batch Entry: Mass Arrival', '2026-03-03 12:18:28') ,
(127, 6, 'Volunteer_Training', 'Batch Entry: Volunteer Training', '2026-01-11 03:32:20') ,
(128, 5, 'Mass_Arrival', 'Batch Entry: Mass Arrival', '2025-11-20 15:21:34') ,
(129, 9, 'Volunteer_Training', 'Batch Entry: Volunteer Training', '2026-03-20 02:02:25') ,
(130, 4, 'Volunteer_Training', 'Batch Entry: Volunteer Training', '2026-02-19 22:37:51') ,
(131, 8, 'Safety_Drill', 'Batch Entry: Safety Drill', '2025-12-04 16:32:28') ,
(132, 6, 'Supply_Arrival', 'Batch Entry: Supply Arrival', '2026-04-09 21:56:50') ,
(133, 10, 'Supply_Arrival', 'Batch Entry: Supply Arrival', '2025-11-24 08:47:17') ,
(134, 14, 'Safety_Drill', 'Batch Entry: Safety Drill', '2026-01-17 21:28:20') ,
(135, 2, 'Coordination_Meeting', 'Batch Entry: Coordination Meeting', '2025-11-27 16:13:20') ,
(136, 3, 'Mass_Arrival', 'Batch Entry: Mass Arrival', '2026-03-13 23:22:26') ,
(137, 4, 'Occupancy_Update', 'Batch Entry: Occupancy Update', '2026-02-17 02:13:09') ,
(138, 8, 'Volunteer_Training', 'Batch Entry: Volunteer Training', '2025-11-20 09:56:25') ,
(139, 6, 'Health_Check', 'Batch Entry: Health Check', '2025-11-30 16:09:14') ,
(140, 14, 'Mass_Arrival', 'Batch Entry: Mass Arrival', '2026-02-25 03:21:06') ,
(141, 15, 'Status_Report', 'Batch Entry: Status Report', '2025-12-07 12:21:57') ,
(142, 10, 'Status_Report', 'Batch Entry: Status Report', '2026-02-01 21:01:41') ,
(143, 4, 'Occupancy_Update', 'Batch Entry: Occupancy Update', '2026-02-18 09:56:06') ,
(144, 5, 'Safety_Drill', 'Batch Entry: Safety Drill', '2025-11-10 05:33:14') ,
(145, 6, 'Coordination_Meeting', 'Batch Entry: Coordination Meeting', '2025-11-05 17:54:05') ,
(146, 14, 'Status_Report', 'Batch Entry: Status Report', '2025-12-23 19:32:48') ,
(147, 8, 'Supply_Arrival', 'Batch Entry: Supply Arrival', '2026-02-12 04:19:55') ,
(148, 15, 'Safety_Drill', 'Batch Entry: Safety Drill', '2026-02-26 15:34:11') ,
(149, 10, 'Occupancy_Update', 'Batch Entry: Occupancy Update', '2026-03-08 00:26:55') ,
(150, 3, 'Safety_Drill', 'Batch Entry: Safety Drill', '2026-03-21 14:37:29') ,
(151, 8, 'Status_Report', 'Batch Entry: Status Report', '2025-12-23 18:34:57') ,
(152, 3, 'Status_Report', 'Batch Entry: Status Report', '2026-01-05 14:09:07') ,
(153, 12, 'Status_Report', 'Batch Entry: Status Report', '2026-03-01 15:27:17') ,
(154, 9, 'Safety_Drill', 'Batch Entry: Safety Drill', '2026-01-03 21:16:11') ,
(155, 14, 'Coordination_Meeting', 'Batch Entry: Coordination Meeting', '2026-01-22 14:48:55') ,
(156, 10, 'Occupancy_Update', 'Batch Entry: Occupancy Update', '2026-01-29 07:12:04') ,
(157, 7, 'Mass_Arrival', 'Batch Entry: Mass Arrival', '2025-10-20 18:28:26') ,
(158, 10, 'Coordination_Meeting', 'Batch Entry: Coordination Meeting', '2025-11-04 06:42:09') ,
(159, 1, 'Status_Report', 'Batch Entry: Status Report', '2026-01-13 17:31:39') ,
(160, 8, 'Health_Check', 'Batch Entry: Health Check', '2025-10-31 15:11:47') ,
(161, 1, 'Status_Report', 'Batch Entry: Status Report', '2026-03-04 21:46:09') ,
(162, 15, 'Supply_Arrival', 'Batch Entry: Supply Arrival', '2025-12-30 08:03:49') ,
(163, 1, 'Safety_Drill', 'Batch Entry: Safety Drill', '2025-12-16 22:16:06') ,
(164, 10, 'Occupancy_Update', 'Batch Entry: Occupancy Update', '2026-01-01 23:52:10') ,
(165, 4, 'Status_Report', 'Batch Entry: Status Report', '2026-02-26 17:57:17') ,
(166, 5, 'Occupancy_Update', 'Batch Entry: Occupancy Update', '2026-01-27 18:49:05') ,
(167, 6, 'Volunteer_Training', 'Batch Entry: Volunteer Training', '2026-03-06 01:35:14') ,
(168, 2, 'Coordination_Meeting', 'Batch Entry: Coordination Meeting', '2026-03-20 14:28:50') ,
(169, 1, 'Coordination_Meeting', 'Batch Entry: Coordination Meeting', '2025-10-29 03:46:08') ,
(170, 3, 'Occupancy_Update', 'Batch Entry: Occupancy Update', '2026-03-22 07:24:04') ,
(171, 9, 'Volunteer_Training', 'Batch Entry: Volunteer Training', '2026-04-07 08:22:08') ,
(172, 1, 'Safety_Drill', 'Batch Entry: Safety Drill', '2025-10-18 16:02:37') ,
(173, 4, 'Health_Check', 'Batch Entry: Health Check', '2026-04-02 12:48:40') ,
(174, 15, 'Safety_Drill', 'Batch Entry: Safety Drill', '2026-01-19 11:38:25') ,
(175, 3, 'Volunteer_Training', 'Batch Entry: Volunteer Training', '2025-10-27 09:18:16') ,
(176, 8, 'Mass_Arrival', 'Batch Entry: Mass Arrival', '2026-02-19 00:18:41') ,
(177, 1, 'Volunteer_Training', 'Batch Entry: Volunteer Training', '2026-03-05 14:29:56') ,
(178, 3, 'Coordination_Meeting', 'Batch Entry: Coordination Meeting', '2026-01-31 19:12:48') ,
(179, 2, 'Supply_Arrival', 'Batch Entry: Supply Arrival', '2025-12-19 06:13:47') ,
(180, 4, 'Supply_Arrival', 'Batch Entry: Supply Arrival', '2025-11-02 02:51:06') ,
(181, 6, 'Mass_Arrival', 'Batch Entry: Mass Arrival', '2026-04-05 02:35:40') ,
(182, 5, 'Safety_Drill', 'Batch Entry: Safety Drill', '2025-11-09 12:13:47') ,
(183, 1, 'Status_Report', 'Batch Entry: Status Report', '2026-03-19 08:35:14') ,
(184, 13, 'Mass_Arrival', 'Batch Entry: Mass Arrival', '2025-12-02 08:34:22') ,
(185, 11, 'Mass_Arrival', 'Batch Entry: Mass Arrival', '2026-01-23 12:31:36') ,
(186, 14, 'Safety_Drill', 'Batch Entry: Safety Drill', '2025-11-22 05:43:37') ,
(187, 6, 'Status_Report', 'Batch Entry: Status Report', '2025-11-29 19:03:31') ,
(188, 3, 'Health_Check', 'Batch Entry: Health Check', '2025-12-20 22:04:26') ,
(189, 5, 'Status_Report', 'Batch Entry: Status Report', '2025-12-07 17:48:42') ,
(190, 9, 'Supply_Arrival', 'Batch Entry: Supply Arrival', '2025-10-21 02:26:51') ,
(191, 6, 'Occupancy_Update', 'Batch Entry: Occupancy Update', '2025-11-17 14:50:04') ,
(192, 1, 'Coordination_Meeting', 'Batch Entry: Coordination Meeting', '2026-01-26 20:41:20') ,
(193, 6, 'Volunteer_Training', 'Batch Entry: Volunteer Training', '2025-12-20 10:39:55') ,
(194, 9, 'Volunteer_Training', 'Batch Entry: Volunteer Training', '2025-12-24 01:48:16') ,
(195, 2, 'Mass_Arrival', 'Batch Entry: Mass Arrival', '2025-11-02 16:46:09') ,
(196, 11, 'Safety_Drill', 'Batch Entry: Safety Drill', '2026-01-09 01:08:36') ,
(197, 8, 'Supply_Arrival', 'Batch Entry: Supply Arrival', '2025-10-29 04:42:45') ,
(198, 9, 'Status_Report', 'Batch Entry: Status Report', '2026-02-06 17:01:34') ,
(199, 8, 'Volunteer_Training', 'Batch Entry: Volunteer Training', '2026-01-11 17:07:22') ,
(200, 2, 'Volunteer_Training', 'Batch Entry: Volunteer Training', '2026-04-04 23:42:37') ,
(201, 7, 'Supply_Arrival', 'Batch Entry: Supply Arrival', '2025-12-27 15:16:03') ,
(202, 7, 'Status_Report', 'Batch Entry: Status Report', '2026-01-21 14:38:47') ,
(203, 2, 'Mass_Arrival', 'Batch Entry: Mass Arrival', '2026-01-30 22:42:13') ,
(204, 1, 'Status_Report', 'Batch Entry: Status Report', '2026-03-23 09:24:45') ,
(205, 1, 'Status_Report', 'Batch Entry: Status Report', '2025-10-23 22:37:20') ,
(206, 15, 'Occupancy_Update', 'Batch Entry: Occupancy Update', '2025-12-31 16:49:05') ,
(207, 3, 'Coordination_Meeting', 'Batch Entry: Coordination Meeting', '2025-12-24 09:08:49') ,
(208, 10, 'Health_Check', 'Batch Entry: Health Check', '2026-03-31 09:30:41') ,
(209, 1, 'Occupancy_Update', 'Batch Entry: Occupancy Update', '2026-03-25 19:08:38') ,
(210, 3, 'Coordination_Meeting', 'Batch Entry: Coordination Meeting', '2025-11-21 09:36:55') ,
(211, 9, 'Supply_Arrival', 'Batch Entry: Supply Arrival', '2026-01-09 22:56:21') ,
(212, 1, 'Coordination_Meeting', 'Batch Entry: Coordination Meeting', '2026-01-14 17:02:41') ,
(213, 1, 'Status_Report', 'Batch Entry: Status Report', '2026-04-08 01:27:49') ,
(214, 5, 'Coordination_Meeting', 'Batch Entry: Coordination Meeting', '2025-11-29 14:09:53') ,
(215, 11, 'Status_Report', 'Batch Entry: Status Report', '2025-11-23 04:22:12') ,
(216, 8, 'Status_Report', 'Batch Entry: Status Report', '2025-11-25 21:13:15') ,
(217, 15, 'Status_Report', 'Batch Entry: Status Report', '2026-03-14 07:20:19') ,
(218, 10, 'Occupancy_Update', 'Batch Entry: Occupancy Update', '2025-11-01 16:14:35') ,
(219, 12, 'Occupancy_Update', 'Batch Entry: Occupancy Update', '2025-10-29 07:01:47') ,
(220, 11, 'Status_Report', 'Batch Entry: Status Report', '2026-04-11 08:11:30') ,
(221, 4, 'Occupancy_Update', 'Batch Entry: Occupancy Update', '2026-01-14 23:14:40') ,
(222, 2, 'Volunteer_Training', 'Batch Entry: Volunteer Training', '2026-03-11 10:00:16') ,
(223, 1, 'Volunteer_Training', 'Batch Entry: Volunteer Training', '2026-01-12 16:46:08') ,
(224, 6, 'Volunteer_Training', 'Batch Entry: Volunteer Training', '2025-12-25 18:03:36') ,
(225, 2, 'Safety_Drill', 'Batch Entry: Safety Drill', '2026-01-04 21:12:26') ,
(226, 1, 'Status_Report', 'Batch Entry: Status Report', '2026-03-19 20:36:16') ,
(227, 8, 'Volunteer_Training', 'Batch Entry: Volunteer Training', '2025-12-11 04:34:32') ,
(228, 11, 'Status_Report', 'Batch Entry: Status Report', '2026-01-12 16:38:15') ,
(229, 11, 'Coordination_Meeting', 'Batch Entry: Coordination Meeting', '2025-12-08 19:30:20') ,
(230, 11, 'Mass_Arrival', 'Batch Entry: Mass Arrival', '2026-04-11 20:53:55') ,
(231, 11, 'Mass_Arrival', 'Batch Entry: Mass Arrival', '2026-03-06 11:09:00') ,
(232, 1, 'Status_Report', 'Batch Entry: Status Report', '2026-04-08 22:51:50') ,
(233, 15, 'Mass_Arrival', 'Batch Entry: Mass Arrival', '2025-10-23 18:20:45') ,
(234, 13, 'Occupancy_Update', 'Batch Entry: Occupancy Update', '2026-04-03 12:32:58') ,
(235, 7, 'Status_Report', 'Batch Entry: Status Report', '2026-03-19 22:57:39') ,
(236, 8, 'Occupancy_Update', 'Batch Entry: Occupancy Update', '2025-12-19 21:42:49') ,
(237, 5, 'Occupancy_Update', 'Batch Entry: Occupancy Update', '2025-11-02 14:07:39') ,
(238, 13, 'Safety_Drill', 'Batch Entry: Safety Drill', '2026-01-24 09:52:00') ,
(239, 14, 'Coordination_Meeting', 'Batch Entry: Coordination Meeting', '2025-12-21 02:22:25') ,
(240, 12, 'Safety_Drill', 'Batch Entry: Safety Drill', '2025-11-24 01:29:59') ,
(241, 14, 'Supply_Arrival', 'Batch Entry: Supply Arrival', '2025-11-05 00:59:29') ,
(242, 2, 'Mass_Arrival', 'Batch Entry: Mass Arrival', '2026-03-20 04:25:11') ,
(243, 10, 'Coordination_Meeting', 'Batch Entry: Coordination Meeting', '2025-12-09 13:03:13') ,
(244, 12, 'Status_Report', 'Batch Entry: Status Report', '2026-03-14 08:21:22') ,
(245, 6, 'Supply_Arrival', 'Batch Entry: Supply Arrival', '2026-01-18 08:31:56') ,
(246, 2, 'Safety_Drill', 'Batch Entry: Safety Drill', '2025-12-24 07:53:35') ,
(247, 12, 'Mass_Arrival', 'Batch Entry: Mass Arrival', '2026-02-23 00:42:59') ,
(248, 9, 'Safety_Drill', 'Batch Entry: Safety Drill', '2026-01-06 20:50:13') ,
(249, 4, 'Safety_Drill', 'Batch Entry: Safety Drill', '2025-11-24 05:01:28') ,
(250, 9, 'Volunteer_Training', 'Batch Entry: Volunteer Training', '2025-12-22 22:58:59') ;
